SortOrder,GRM,ValueType,Al_pct_ICP60,Ca_pct_ICP60,Fe_pct_ICP60,K_pct_ICP60,Mg_pct_ICP60,P_pct_ICP60,S_pct_ICP60,Si_pct_ICP60,Ti_pct_ICP60,Ag_ppm_ICP60,As_ppm_ICP60,B_ppm_ICP60,Ba_ppm_ICP60,Be_ppm_ICP60,Bi_ppm_ICP60,Cd_ppm_ICP60,Ce_ppm_ICP60,Co_ppm_ICP60,Cr_ppm_ICP60,Cs_ppm_ICP60,Cu_ppm_ICP60,Dy_ppm_ICP60,Er_ppm_ICP60,Eu_ppm_ICP60,Ga_ppm_ICP60,Gd_ppm_ICP60,Ge_ppm_ICP60,Hf_ppm_ICP60,Ho_ppm_ICP60,In_ppm_ICP60,La_ppm_ICP60,Li_ppm_ICP60,Lu_ppm_ICP60,Mn_ppm_ICP60,Mo_ppm_ICP60,Nb_ppm_ICP60,Nd_ppm_ICP60,Ni_ppm_ICP60,Pb_ppm_ICP60,Pr_ppm_ICP60,Rb_ppm_ICP60,Re_ppm_ICP60,Sb_ppm_ICP60,Sc_ppm_ICP60,Se_ppm_ICP60,Sm_ppm_ICP60,Sn_ppm_ICP60,Sr_ppm_ICP60,Ta_ppm_ICP60,Tb_ppm_ICP60,Te_ppm_ICP60,Th_ppm_ICP60,Tl_ppm_ICP60,Tm_ppm_ICP60,U_ppm_ICP60,V_ppm_ICP60,W_ppm_ICP60,Y_ppm_ICP60,Yb_ppm_ICP60,Zn_ppm_ICP60,Zr_ppm_ICP60,Al_pct_AR,Ca_pct_AR,Fe_pct_AR,K_pct_AR,Mg_pct_AR,Na_pct_AR,S_pct_AR,Ti_pct_AR,Ag_ppm_AR,As_ppm_AR,Au_ppm_AR,B_ppm_AR,Ba_ppm_AR,Be_ppm_AR,Bi_ppm_AR,Cd_ppm_AR,Ce_ppm_AR,Co_ppm_AR,Cr_ppm_AR,Cs_ppm_AR,Cu_ppm_AR,Ga_ppm_AR,Ge_ppm_AR,Hf_ppm_AR,Hg_ppm_AR,In_ppm_AR,La_ppm_AR,Li_ppm_AR,Mn_ppm_AR,Mo_ppm_AR,Nb_ppm_AR,Ni_ppm_AR,P_ppm_AR,Pb_ppm_AR,Rb_ppm_AR,Re_ppm_AR,Sb_ppm_AR,Sc_ppm_AR,Se_ppm_AR,Sn_ppm_AR,Sr_ppm_AR,Ta_ppm_AR,Te_ppm_AR,Th_ppm_AR,Tl_ppm_AR,U_ppm_AR,V_ppm_AR,W_ppm_AR,Y_ppm_AR,Zn_ppm_AR,Zr_ppm_AR,Au_ppb_FA,Pd_ppb_FA,Pt_ppb_FA,Al2O3_pct_WDX,BaO_pct_WDX,CaO_pct_WDX,Cr2O3_pct_WDX,Fe2O3_pct_WDX,K2O_pct_WDX,LOI_pct_WDX,MgO_pct_WDX,MnO_pct_WDX,Na2O_pct_WDX,P2O5_pct_WDX,SiO2_pct_WDX,SrO_pct_WDX,TiO2_pct_WDX,V2O5_pct_WDX,F_pct_ISE,S_pct_IR,C_pct_IR,CO2_pct_CARB,CRBNT_pct_CARB,Hg_ppm_CVAAS,Organic_C_pct_C,Al2O3_pct_ICP16,Ba_ppm_ICP16,CaO_pct_ICP16,Cr2O3_pct_ICP16,Fe2O3_pct_ICP16,K2O_pct_ICP16,MgO_pct_ICP16,MnO_pct_ICP16,Na2O_pct_ICP16,P2O5_pct_ICP16,SiO2_pct_ICP16,Sr_ppm_ICP16,TiO2_pct_ICP16,V2O5_pct_ICP16,Au_ppm_FA_ORE,Pd_ppm_FA_ORE,Pt_ppm_FA_ORE,Ag_ppm_ICP42C,As_ppm_ICP42C,Be_ppm_ICP42C,Bi_ppm_ICP42C,Cd_ppm_ICP42C,Co_ppm_ICP42C,Cu_ppm_ICP42C,Li_ppm_ICP42C,Mo_ppm_ICP42C,Na_ppm_ICP42C,Ni_ppm_ICP42C,P_ppm_ICP42C,Pb_ppm_ICP42C,Sb_ppm_ICP42C,Se_ppm_ICP42C,Sn_ppm_ICP42C,Tl_ppm_ICP42C,Y_ppm_ICP42C,Zn_ppm_ICP42C,Ce_ppm_ICPREE,Dy_ppm_ICPREE,Er_ppm_ICPREE,Eu_ppm_ICPREE,Gd_ppm_ICPREE,Ho_ppm_ICPREE,La_ppm_ICPREE,Lu_ppm_ICPREE,Nd_ppm_ICPREE,Pr_ppm_ICPREE,Sm_ppm_ICPREE,Tb_ppm_ICPREE,Th_ppm_ICPREE,Tm_ppm_ICPREE,U_ppm_ICPREE,Yb_ppm_ICPREE,Co_pct_WDXRFBM,Cu_pct_WDXRFBM,Fe_pct_WDXRFBM,Ni_pct_WDXRFBM,Pb_pct_WDXRFBM,Zn_pct_WDXRFBM,Au_ppb_PGE,Ir_ppb_PGE,Pd_ppb_PGE,Pt_ppb_PGE,Re_ppb_PGE,Rh_ppb_PGE,Ru_ppb_PGE,Ag_ppb_H2O,Al_ppb_H2O,As_ppb_H2O,Au_ppb_H2O,B_ppb_H2O,Ba_ppb_H2O,Be_ppb_H2O,Bi_ppb_H2O,Ca_ppb_H2O,Cd_ppb_H2O,Ce_ppb_H2O,Co_ppb_H2O,Cr_ppb_H2O,Cs_ppb_H2O,Cu_ppb_H2O,Dy_ppb_H2O,Er_ppb_H2O,Eu_ppb_H2O,Fe_ppb_H2O,Ga_ppb_H2O,Gd_ppb_H2O,Ge_ppb_H2O,Hf_ppb_H2O,Hg_ppb_H2O,Ho_ppb_H2O,In_ppb_H2O,K_ppb_H2O,La_ppb_H2O,Li_ppb_H2O,Lu_ppb_H2O,Mg_ppb_H2O,Mn_ppb_H2O,Mo_ppb_H2O,Na_ppb_H2O,Nb_ppb_H2O,Nd_ppb_H2O,Ni_ppb_H2O,P_ppb_H2O,Pb_ppb_H2O,Pr_ppb_H2O,Rb_ppb_H2O,Re_ppb_H2O,S_ppb_H2O,Sb_ppb_H2O,Sc_ppb_H2O,Se_ppb_H2O,Si_ppb_H2O,Sm_ppb_H2O,Sn_ppb_H2O,Sr_ppb_H2O,Ta_ppb_H2O,Tb_ppb_H2O,Te_ppb_H2O,Th_ppb_H2O,Ti_ppb_H2O,Tl_ppb_H2O,Tm_ppb_H2O,U_ppb_H2O,V_ppb_H2O,W_ppb_H2O,Y_ppb_H2O,Yb_ppb_H2O,Zn_ppb_H2O,Zr_ppb_H2O,Ag_ppb_ICPH2O,Al_ppb_ICPH2O,As_ppb_ICPH2O,Au_ppb_ICPH2O,B_ppb_ICPH2O,Ba_ppb_ICPH2O,Be_ppb_ICPH2O,Bi_ppb_ICPH2O,Ca_ppb_ICPH2O,Cd_ppb_ICPH2O,Ce_ppb_ICPH2O,Co_ppb_ICPH2O,Cr_ppb_ICPH2O,Cs_ppb_ICPH2O,Cu_ppb_ICPH2O,Dy_ppb_ICPH2O,Er_ppb_ICPH2O,Eu_ppb_ICPH2O,Fe_ppb_ICPH2O,Ga_ppb_ICPH2O,Gd_ppb_ICPH2O,Ge_ppb_ICPH2O,Hf_ppb_ICPH2O,Hg_ppb_ICPH2O,Ho_ppb_ICPH2O,In_ppb_ICPH2O,K_ppb_ICPH2O,La_ppb_ICPH2O,Li_ppb_ICPH2O,Lu_ppb_ICPH2O,Mg_ppb_ICPH2O,Mn_ppb_ICPH2O,Mo_ppb_ICPH2O,Na_ppb_ICPH2O,Nb_ppb_ICPH2O,Nd_ppb_ICPH2O,Ni_ppb_ICPH2O,P_ppb_ICPH2O,Pb_ppb_ICPH2O,Pr_ppb_ICPH2O,Rb_ppb_ICPH2O,Re_ppb_ICPH2O,S_ppb_ICPH2O,Sb_ppb_ICPH2O,Sc_ppb_ICPH2O,Se_ppb_ICPH2O,Si_ppb_ICPH2O,Sm_ppb_ICPH2O,Sn_ppb_ICPH2O,Sr_ppb_ICPH2O,Ta_ppb_ICPH2O,Tb_ppb_ICPH2O,Te_ppb_ICPH2O,Th_ppb_ICPH2O,Ti_ppb_ICPH2O,Tl_ppb_ICPH2O,Tm_ppb_ICPH2O,U_ppb_ICPH2O,V_ppb_ICPH2O,W_ppb_ICPH2O,Y_ppb_ICPH2O,Yb_ppb_ICPH2O,Zn_ppb_ICPH2O,Zr_ppb_ICPH2O,Al_pct_ICP61,Ca_pct_ICP61,Fe_pct_ICP61,K_pct_ICP61,Mg_pct_ICP61,P_pct_ICP61,S_pct_ICP61,Si_pct_ICP61,Ti_pct_ICP61,Ag_ppm_ICP61,As_ppm_ICP61,B_ppm_ICP61,Ba_ppm_ICP61,Be_ppm_ICP61,Bi_ppm_ICP61,Cd_ppm_ICP61,Ce_ppm_ICP61,Co_ppm_ICP61,Cr_ppm_ICP61,Cs_ppm_ICP61,Cu_ppm_ICP61,Dy_ppm_ICP61,Er_ppm_ICP61,Eu_ppm_ICP61,Ga_ppm_ICP61,Gd_ppm_ICP61,Ge_ppm_ICP61,Hf_ppm_ICP61,Ho_ppm_ICP61,In_ppm_ICP61,La_ppm_ICP61,Li_ppm_ICP61,Lu_ppm_ICP61,Mn_ppm_ICP61,Mo_ppm_ICP61,Nb_ppm_ICP61,Nd_ppm_ICP61,Ni_ppm_ICP61,Pb_ppm_ICP61,Pr_ppm_ICP61,Rb_ppm_ICP61,Re_ppm_ICP61,Sb_ppm_ICP61,Sc_ppm_ICP61,Se_ppm_ICP61,Sm_ppm_ICP61,Sn_ppm_ICP61,Sr_ppm_ICP61,Ta_ppm_ICP61,Tb_ppm_ICP61,Te_ppm_ICP61,Th_ppm_ICP61,Tl_ppm_ICP61,Tm_ppm_ICP61,U_ppm_ICP61,V_ppm_ICP61,W_ppm_ICP61,Y_ppm_ICP61,Yb_ppm_ICP61,Zn_ppm_ICP61,Zr_ppm_ICP61
1,AGV-1,Preferred,9.08,3.53,4.47,2.42,0.92,0.22,<0.01,27.5,0.63,<1,<5,<10,1230,<5,<0.1,<0.2,,15,10,1.3,60,3.6,1.7,1.6,20,5,1.3,5.1,,<0.2,38,12,0.27,710,2.7,15,33,16,36,7.6,67,,4.3,12,,5.9,4.2,660,0.9,,,6.5,<0.5,0.34,1.92,120,<1,20,1.72,88,227,,,,,,,,,,,,,,,,,,,,,,,,,,,,,,,,,,,,,,,,,,,,,,,,,,,,,,,17.2,0.14,4.94,<0.01,6.77,2.92,1.2,1.53,0.09,4.26,0.5,58.8,0.08,1.05,0.02,0.04,,,,,,,17.15,,4.94,,6.77,2.92,1.53,0.09,4.26,0.5,58.84,,1.05,,,,,,,,,,,,,,,,,,,,,,,,,,,,,,,,,,,,,,,,,,,,,,,,,,,,,,,,,,,,,,,,,,,,,,,,,,,,,,,,,,,,,,,,,,,,,,,,,,,,,,,,,,,,,,,,,,,,,,,,,,,,,,,,,,,,,,,,,,,,,,,,,,,,,,,,,,,,,,,,,,,,,,,,,,,,,,,,,,,,,9.08,3.53,4.47,2.42,0.92,0.22,<0.01,27.5,0.63,<1,<5,<10,1230,<5,<0.1,<0.2,,15,10,1.3,60,3.6,1.7,1.6,20,5,1.3,5.1,,<0.2,38,12,0.27,710,2.7,15,33,16,36,7.6,67,,4.3,12,,5.9,4.2,660,0.9,,,6.5,<0.5,0.34,1.92,120,<1,20,1.72,88,227
2,AGV-1,Mean,9.15,3.42,4.72,2.4,0.88,0.21,<0.01,27.86,0.6,<1,<30,<10,1188,<5,<0.1,<0.2,69.2,15.1,13,1.32,57.4,3.63,1.86,1.7,20.2,4.88,1,5.4,0.69,<0.2,38.2,10.3,0.26,722,3.4,13.8,31.7,19.2,37.8,8.66,70,,4.5,11,<5,5.78,4.8,651,0.7,0.65,<1,6.54,<0.5,0.27,1.99,114,<1,19,1.66,91,216,,,,,,,,,,,,,,,,,,,,,,,,,,,,,,,,,,,,,,,,,,,,,,,,,,,,,,,17.2,0.14,4.98,<0.01,6.84,2.95,1.92,1.53,0.09,4.2,0.5,59.4,0.07,1.09,0.02,0.05,,,,,,,,,,,,,,,,,,,,,,,,,,,,,,,,,,,,,,,,,,,,,,,,,,,,,,,,,,,,,,,,,,,,,,,,,,,,,,,,,,,,,,,,,,,,,,,,,,,,,,,,,,,,,,,,,,,,,,,,,,,,,,,,,,,,,,,,,,,,,,,,,,,,,,,,,,,,,,,,,,,,,,,,,,,,,,,,,,,,,,,,,,,,,,,,,,,,,,,,9.15,3.42,4.72,2.4,0.88,0.21,<0.01,27.86,0.6,<1,<30,<10,1188,<5,<0.1,<0.2,69.2,15.1,13,1.32,57.4,3.63,1.86,1.7,20.2,4.88,1,5.4,0.69,<0.2,38.2,10.3,0.26,722,3.4,13.8,31.7,19.2,37.8,8.66,70,,4.5,11,<5,5.78,4.8,651,0.7,0.65,<1,6.54,<0.5,0.27,1.99,114,<1,19,1.66,91,216
3,AMH-1,Preferred,9.54,4.5,4.37,1.1,1.98,0.08,<0.01,29.6,0.52,<1,<30,<10,316,<5,<0.1,<0.2,32.7,18.1,39,0.2,22,2.91,1.54,1.24,21,3.45,1,4,0.56,<0.2,15.9,13,0.22,,<2,8,16.7,34,9,4.12,19,,0.6,13,,3.6,1,550,<0.5,0.54,<1,2.5,<0.5,0.23,0.84,108,<1,14.8,1.5,68,151,,,,,,,,,,,,,,,,,,,,,,,,,,,,,,,,,,,,,,,,,,,,,,,,,,,,,,,17.72,0.03,6.08,0.04,6.04,1.25,,3.23,0.1,4.2,0.18,60.5,0.05,0.85,0.01,0.04,,,,,,,17.53,,6.06,,6.1,1.23,3.16,0.09,4.21,0.17,60.34,,0.85,,,,,,,,,,,,,,,,,,,,,,,,,,,,,,,,,,,,,,,,,,,,,,,,,,,,,,,,,,,,,,,,,,,,,,,,,,,,,,,,,,,,,,,,,,,,,,,,,,,,,,,,,,,,,,,,,,,,,,,,,,,,,,,,,,,,,,,,,,,,,,,,,,,,,,,,,,,,,,,,,,,,,,,,,,,,,,,,,,,,,9.54,4.5,4.37,1.1,1.98,0.08,<0.01,29.6,0.52,<1,<30,<10,316,<5,<0.1,<0.2,32.7,18.1,39,0.2,22,2.91,1.54,1.24,21,3.45,1,4,0.56,<0.2,15.9,13,0.22,,<2,8,16.7,34,9,4.12,19,,0.6,13,,3.6,1,550,<0.5,0.54,<1,2.5,<0.5,0.23,0.84,108,<1,14.8,1.5,68,151
4,AMH-1,Mean,8.93,4.5,4.35,1.1,2.01,0.08,<0.01,28.3,0.52,<1,<5,23,327,<5,<0.1,<0.2,36.3,17.8,42,0.3,33,2.94,1.57,1.17,19,3.59,1,4,0.58,<0.2,16.6,14,0.22,784,,8,17.6,42,9,4.39,19.2,<0.02,0.7,13,<5,3.7,1,567,0.5,0.51,<0.5,2.6,<0.5,0.24,0.9,116,<1,14.5,1.4,77,139,,,,,,,,,,,,,,,,,,,,,,,,,,,,,,,,,,,,,,,,,,,,,,,,,,,,166,1,<10,17.54,0.04,5.97,<0.01,6.1,1.23,0.08,3.2,0.1,4.2,0.17,60.65,0.05,0.83,0.02,0.18,0.07,0.17,0.31,0.08,0.27,,18.4,,632,,6.39,1.35,3.38,0.1,4.58,0.18,63.1,,0.89,,,,,,,,,,,,,,,,,,,,,,,,,,,,,,,,,,,,,,,,,,,,,,,,,,,,,,,,,,,,,,,,,,,,,,,,,,,,,,,,,,,,,,,,,,,,,,,,,,,,,,,,,,,,,,,,,,,,,,,,,,,,,,,,,,,,,,,,,,,,,,,,,,,,,,,,,,,,,,,,,,,,,,,,,,,,,,,,,,,,,8.93,4.5,4.35,1.1,2.01,0.08,<0.01,28.3,0.52,<1,<5,23,327,<5,<0.1,<0.2,36.3,17.8,42,0.3,33,2.94,1.57,1.17,19,3.59,1,4,0.58,<0.2,16.6,14,0.22,784,,8,17.6,42,9,4.39,19.2,<0.02,0.7,13,<5,3.7,1,567,0.5,0.51,<0.5,2.6,<0.5,0.24,0.9,116,<1,14.5,1.4,77,139
5,BCR-2,Preferred,7.14,5.09,9.65,1.49,2.16,0.15,0.03,25.29,1.35,<1,<5,<10,683,<5,<0.1,<0.2,53,37,18,1.1,19,6,3.7,2,23,6.8,1.5,4.8,1.33,<0.2,25,<10,0.51,1520,248,11,28,15,11,6.8,48,,0.4,33,<0.5,6.7,2,346,0.7,1.07,<0.5,6.2,<0.5,0.54,1.69,416,<1,37,3.5,127,188,,,,,,,,,,,,,,,,,,,,,,,,,,,,,,,,,,,,,,,,,,,,,,,,,,,,,,,13.5,0.08,7.12,<0.01,13.8,1.79,0.28,3.59,0.2,3.16,0.35,54.1,,2.26,0.07,0.04,<0.05,0.02,0.025,0.01,<0.01,,13.5,,7.12,,13.8,1.79,3.59,0.2,3.16,0.35,54.1,,2.26,,,,,,,,,,,,,,,,,,,,,,,,,,,,,,,,,,,,,,,,,,,,,,,,,,,,,,,,,,,,,,,,,,,,,,,,,,,,,,,,,,,,,,,,,,,,,,,,,,,,,,,,,,,,,,,,,,,,,,,,,,,,,,,,,,,,,,,,,,,,,,,,,,,,,,,,,,,,,,,,,,,,,,,,,,,,,,,,,,,,,7.14,5.09,9.65,1.49,2.16,0.15,0.03,25.29,1.35,<1,<5,<10,683,<5,<0.1,<0.2,53,37,18,1.1,19,6,3.7,2,23,6.8,1.5,4.8,1.33,<0.2,25,<10,0.51,1520,248,11,28,15,11,6.8,48,,0.4,33,<0.5,6.7,2,346,0.7,1.07,<0.5,6.2,<0.5,0.54,1.69,416,<1,37,3.5,127,188
6,BCR-2,Mean,7,4.97,9.43,1.52,2.11,0.16,0.03,25.27,1.33,<1,<30,<10,669.78,<5,<0.1,0.44,52.17,38.08,18.43,1.19,17.91,6.39,3.65,1.95,22.45,6.78,1.73,4.94,1.28,<0.2,25.05,<10,0.52,1502,257.43,11.44,28.32,15.99,11.69,6.8,47.78,<0.02,0.38,31.32,<1,6.45,2.32,337.4,0.69,1.07,<1,6.13,<0.5,0.53,1.71,412.48,<1,33.9,3.35,129.64,174.35,,,,,,,,,,,,,,,,,,,,,,,,,,,,,,,,,,,,,,,,,,,,,,,,,,,,2,1,<10,13.47,0.08,7.14,<0.01,13.82,1.8,0.28,3.59,0.2,3.15,0.36,54.2,0.03,2.28,0.08,0.05,<0.05,0.02,<0.01,<0.01,0.003,,13.44,,7.2,,13.86,1.79,3.67,0.2,3.13,0.36,55.16,,2.26,,,,,,,,,,,,,,,,,,,,,,,,,,,,,,,,,,,,,,,,,,,,,,,,,,,,,,,,,,,,,,,,,,,,,,,,,,,,,,,,,,,,,,,,,,,,,,,,,,,,,,,,,,,,,,,,,,,,,,,,,,,,,,,,,,,,,,,,,,,,,,,,,,,,,,,,,,,,,,,,,,,,,,,,,,,,,,,,,,,,,7,4.97,9.43,1.52,2.11,0.16,0.03,25.27,1.33,<1,<30,<10,669.78,<5,<0.1,0.44,52.17,38.08,18.43,1.19,17.91,6.39,3.65,1.95,22.45,6.78,1.73,4.94,1.28,<0.2,25.05,<10,0.52,1502,257.43,11.44,28.32,15.99,11.69,6.8,47.78,<0.02,0.38,31.32,<1,6.45,2.32,337.4,0.69,1.07,<1,6.13,<0.5,0.53,1.71,412.48,<1,33.9,3.35,129.64,174.35
7,BHVO-2,Preferred,7.16,8.17,8.63,0.43,4.36,0.12,,23.34,1.63,<1,<30,,130,<5,<0.1,<0.2,38,45,280,0.13,127,5.4,2.6,2,21,6.3,1.9,4.1,1.02,<0.2,15,5,0.28,1301,4,16,18,119,8,5.3,9.8,,0.18,30,,6.2,1.9,389,1,0.9,,1.2,<0.5,0.34,0.43,317,<1,26,2,103,172,,,,,,,,,,,,,,,,,,,,,,,,,,,,,,,,,,,,,,,,,,,,,,,,,,,,,,,13.5,0.01,11.4,0.04,12.3,0.52,,7.23,,2.22,0.27,49.9,,2.73,0.06,,,,,,,,,,,,,,,,,,,,,,,,,,,,,,,,,,,,,,,,,,,,,,,,,,,,,,,,,,,,,,,,,,,,,,,,,,,,,,,,,,,,,,,,,,,,,,,,,,,,,,,,,,,,,,,,,,,,,,,,,,,,,,,,,,,,,,,,,,,,,,,,,,,,,,,,,,,,,,,,,,,,,,,,,,,,,,,,,,,,,,,,,,,,,,,,,,,,,,,,,7.16,8.17,8.63,0.43,4.36,0.12,,23.34,1.63,<1,<30,,130,<5,<0.1,<0.2,38,45,280,0.13,127,5.4,2.6,2,21,6.3,1.9,4.1,1.02,<0.2,15,5,0.28,1301,4,16,18,119,8,5.3,9.8,,0.18,30,,6.2,1.9,389,1,0.9,,1.2,<0.5,0.34,0.43,317,<1,26,2,103,172
8,BHVO-2,Mean,7.13,7.87,8.47,0.45,4.3,0.12,,24.38,1.59,<1,<30,,132.77,<5,<0.1,<0.2,37.09,45.53,278.41,0.13,136.18,5.36,2.56,2.05,22.09,6.42,1.91,4.41,0.97,<0.2,15.27,<10,0.31,1310,4.52,16.82,24.23,119.66,<5,5.31,9.35,,0.2,31.3,,6.01,2.26,388.75,1.03,0.97,<0.5,1.34,<0.5,0.34,0.43,320.84,<1,24.91,2.01,101.89,157.43,,,,,,,,,,,,,,,,,,,,,,,,,,,,,,,,,,,,,,,,,,,,,,,,,,,,,,,13.52,0.02,11.51,0.04,12.48,0.51,<0.01,7.24,0.17,2.23,0.27,49.97,,2.79,0.06,,<0.05,8.53,,,,,,,,,,,,,,,,,,,,,,,,,,,,,,,,,,,,,,,,,,,,,,,,,,,,,,,,,,,,,,,,,,,,,,,,,,,,,,,,,,,,,,,,,,,,,,,,,,,,,,,,,,,,,,,,,,,,,,,,,,,,,,,,,,,,,,,,,,,,,,,,,,,,,,,,,,,,,,,,,,,,,,,,,,,,,,,,,,,,,,,,,,,,,,,,,,,,,,7.13,7.87,8.47,0.45,4.3,0.12,,24.38,1.59,<1,<30,,132.77,<5,<0.1,<0.2,37.09,45.53,278.41,0.13,136.18,5.36,2.56,2.05,22.09,6.42,1.91,4.41,0.97,<0.2,15.27,<10,0.31,1310,4.52,16.82,24.23,119.66,<5,5.31,9.35,,0.2,31.3,,6.01,2.26,388.75,1.03,0.97,<0.5,1.34,<0.5,0.34,0.43,320.84,<1,24.91,2.01,101.89,157.43
9,BIR-1,Preferred,8.2,9.51,7.9,0.02,5.85,0.01,,22.42,0.58,,<5,<10,7,<5,,,1.9,52,370,,125,4,,0.55,16,1.8,,<1,,,0.63,<10,0.26,1355,,0.6,2.5,170,<5,,,,0.58,44,,1.1,,110,,,,,,,,310,,16,1.7,70,18,,,,,,,,,,,,,,,,,,,,,,,,,,,,,,,,,,,,,,,,,,,,,,,,,,,,,,,15.5,<0.01,13.3,0.05,11.3,0.03,,9.7,0.18,1.82,0.02,48,0.01,0.96,0.06,<0.01,,,,,,,15.5,,13.3,0.05,11.3,0.03,9.7,0.175,1.82,0.02,47.96,,0.96,,,,,,,,,,,,,,,,,,,,,,,,,,,,,,,,,,,,,,,,,,,,,,,,,,,,,,,,,,,,,,,,,,,,,,,,,,,,,,,,,,,,,,,,,,,,,,,,,,,,,,,,,,,,,,,,,,,,,,,,,,,,,,,,,,,,,,,,,,,,,,,,,,,,,,,,,,,,,,,,,,,,,,,,,,,,,,,,,,,,,8.2,9.51,7.9,0.02,5.85,0.01,,22.42,0.58,,<5,<10,7,<5,,,1.9,52,370,,125,4,,0.55,16,1.8,,<1,,,0.63,<10,0.26,1355,,0.6,2.5,170,<5,,,,0.58,44,,1.1,,110,,,,,,,,310,,16,1.7,70,18
10,BIR-1,Mean,8.44,9.25,7.89,<0.1,5.88,<0.01,0.06,23.65,0.58,<1,<5,<10,<10,<5,<0.1,<0.2,1.95,51.95,371.5,<0.1,127.5,2.59,1.69,0.53,15.65,1.9,1,<1,0.57,<0.2,0.6,<10,0.27,1300,<2,0.3,2.4,161,<5,0.39,0.3,<0.02,0.4,42.5,8,1.1,<1,110,<0.5,0.36,<0.5,<0.1,<0.5,0.27,<0.05,308.5,<1,14.1,1.6,67,14.2,,,,,,,,,,,,,,,,,,,,,,,,,,,,,,,,,,,,,,,,,,,,,,,,,,,,,,,15.51,<0.01,13.29,0.06,11.56,0.03,0.18,9.68,0.18,1.82,0.03,47.84,<0.01,0.97,0.06,<0.01,,,,,,,,,,,,,,,,,,,,,,,,,,,,,,,,,,,,,,,,,,,,,,,,,,,,,,,,,,,,,,,,,,,,,,,,,,,,,,,,,,,,,,,,,,,,,,,,,,,,,,,,,,,,,,,,,,,,,,,,,,,,,,,,,,,,,,,,,,,,,,,,,,,,,,,,,,,,,,,,,,,,,,,,,,,,,,,,,,,,,,,,,,,,,,,,,,,,,,,,8.44,9.25,7.89,<0.1,5.88,<0.01,0.06,23.65,0.58,<1,<5,<10,<10,<5,<0.1,<0.2,1.95,51.95,371.5,<0.1,127.5,2.59,1.69,0.53,15.65,1.9,1,<1,0.57,<0.2,0.6,<10,0.27,1300,<2,0.3,2.4,161,<5,0.39,0.3,<0.02,0.4,42.5,8,1.1,<1,110,<0.5,0.36,<0.5,<0.1,<0.5,0.27,<0.05,308.5,<1,14.1,1.6,67,14.2
11,CBT-QCM1,Preferred,0.23,33.38,0.29,0.11,2.99,0.03,0.33,0.98,0.01,<1,5.97,<10,16000,<5,<0.1,<0.2,3900,1.7,<10,0.3,8,3.8,1,9.3,,18.3,<1,<1,0.56,<0.2,2800,<10,0.11,387,<2,6,884,<5,280,317,5,,2.3,<5,<0.5,58,<1,1500,<0.5,1.7,<0.5,24,<0.5,0.11,5.5,9,2,14.5,0.7,12,6,,,,,,,,,,,,,,,,,,,,,,,,,,,,,,,,,,,,,,,,,,,,,,,,,,,,,,,0.41,1.79,46.7,<0.01,0.41,0.13,41,4.95,0.05,0.09,0.07,2.1,0.18,0.02,<0.01,0.06,0.33,10.6,40.5,11.05,0.1,,0.41,,46.7,<0.01,0.41,0.13,4.95,0.05,0.09,0.07,2.1,,,,,,,,,,,,,,,,,,,,,,,,,,,,,,,,,,,,,,,,,,,,,,,,,,,,,,,,,,,,,,,,,,,,,,,,,,,,,,,,,,,,,,,,,,,,,,,,,,,,,,,,,,,,,,,,,,,,,,,,,,,,,,,,,,,,,,,,,,,,,,,,,,,,,,,,,,,,,,,,,,,,,,,,,,,,,,,,,,,,,,,0.23,33.38,0.29,0.11,2.99,0.03,0.33,0.98,0.01,<1,5.97,<10,16000,<5,<0.1,<0.2,3900,1.7,<10,0.3,8,3.8,1,9.3,,18.3,<1,<1,0.56,<0.2,2800,<10,0.11,387,<2,6,884,<5,280,317,5,,2.3,<5,<0.5,58,<1,1500,<0.5,1.7,<0.5,24,<0.5,0.11,5.5,9,2,14.5,0.7,12,6
12,CBT-QCM1,Mean,0.23,33.66,0.28,0.15,2.93,0.03,0.41,0.95,0.02,<1,<30,<10,>10000,<5,<0.1,0.23,3780.63,1.7,<10,0.33,7.56,3.73,0.93,9.51,,17.7,<1,<1,0.53,<0.2,2640.21,<10,0.09,380.75,<2,7,897.58,<5,272.63,331.58,4.58,<0.02,2.13,<5,<5,60.3,<1,1570,<0.5,1.63,<0.5,23.24,<0.5,0.11,5.52,7.61,1.95,13.72,0.59,16.95,7.11,,,,,,,,,,,,,,,,,,,,,,,,,,,,,,,,,,,,,,,,,,,,,,,,,,,,,,,0.41,1.92,46.57,<0.01,0.42,0.13,41.88,4.87,0.05,0.06,0.07,2.23,0.19,0.03,<0.01,0.06,,,38.19,10.42,,,,,,,,,,,,,,,,,,,,,,,,,,,,,,,,,,,,,,,,,,,,,,,,,,,,,,,,,,,,,,,,,,,,,,,,,,,,,,,,,,,,,,,,,,,,,,,,,,,,,,,,,,,,,,,,,,,,,,,,,,,,,,,,,,,,,,,,,,,,,,,,,,,,,,,,,,,,,,,,,,,,,,,,,,,,,,,,,,,,,,,,,,,,,,,,,,,,0.23,33.66,0.28,0.15,2.93,0.03,0.41,0.95,0.02,<1,<30,<10,>10000,<5,<0.1,0.23,3780.63,1.7,<10,0.33,7.56,3.73,0.93,9.51,,17.7,<1,<1,0.53,<0.2,2640.21,<10,0.09,380.75,<2,7,897.58,<5,272.63,331.58,4.58,<0.02,2.13,<5,<5,60.3,<1,1570,<0.5,1.63,<0.5,23.24,<0.5,0.11,5.52,7.61,1.95,13.72,0.59,16.95,7.11
13,CBT-QCM2,Preferred,0.48,31.6,0.6,0.27,1.45,0.07,,,0.1,<1,<30,,31800,<5,0.1,<0.2,7760,3.1,20,0.8,14.3,8.1,2.1,18.5,35,38.6,4.5,<1,1.2,<0.2,5500,0.2,0.2,700,3,17.3,1830,<5,585,670,10,,4.4,<5,,123,1,2740,<0.5,3.2,,48,<0.5,0.24,11,15.3,3.3,28.4,1.3,21.7,16.7,,,,,,,,,,,,,,,,,,,,,,,,,,,,,,,,,,,,,,,,,,,,,,,,,,,,,,,0.88,1.79,45.7,<0.01,0.86,0.28,38.4,2.56,0.1,0.16,0.14,4.25,,0.06,<0.01,,,10.6,36,9.83,,,,,,,,,,,,,,,,,,,,,,,,,,,,,,,,,,,,,,,,,,,,,,,,,,,,,,,,,,,,,,,,,,,,,,,,,,,,,,,,,,,,,,,,,,,,,,,,,,,,,,,,,,,,,,,,,,,,,,,,,,,,,,,,,,,,,,,,,,,,,,,,,,,,,,,,,,,,,,,,,,,,,,,,,,,,,,,,,,,,,,,,,,,,,,,,,,,,0.48,31.6,0.6,0.27,1.45,0.07,,,0.1,<1,<30,,31800,<5,0.1,<0.2,7760,3.1,20,0.8,14.3,8.1,2.1,18.5,35,38.6,4.5,<1,1.2,<0.2,5500,0.2,0.2,700,3,17.3,1830,<5,585,670,10,,4.4,<5,,123,1,2740,<0.5,3.2,,48,<0.5,0.24,11,15.3,3.3,28.4,1.3,21.7,16.7
14,CBT-QCM2,Mean,0.48,31.39,0.59,0.28,1.47,0.06,0.86,1.83,0.04,<1,<30,<10,>10000,<5,<0.1,<0.2,7190.45,2.92,<10,0.63,13.7,7.32,1.95,18.9,,36.24,3,<1,1.05,<0.2,5025,<10,0.19,727,2.9,13.4,1701,<5,548.7,624.13,9.02,<0.02,4.06,<5,<1,116.62,<1,2942.65,<0.5,3.4,<1,47.13,<0.5,0.23,10.53,14.79,3.25,25.29,1.01,20.35,17.1,,,,,,,,,,,,,,,,,,,,,,,,,,,,,,,,,,,,,,,,,,,,,,,,,,,,,,,0.88,4.24,45.4,<0.01,0.86,0.28,38.5,2.49,0.09,0.12,0.14,4.11,,0.06,<0.01,,,10.69,37.13,10.13,,,,,,,,,,,,,,,,,,,,,,,,,,,,,,,,,,,,,,,,,,,,,,,,,,,,,,,,,,,,,,,,,,,,,,,,,,,,,,,,,,,,,,,,,,,,,,,,,,,,,,,,,,,,,,,,,,,,,,,,,,,,,,,,,,,,,,,,,,,,,,,,,,,,,,,,,,,,,,,,,,,,,,,,,,,,,,,,,,,,,,,,,,,,,,,,,,,,0.48,31.39,0.59,0.28,1.47,0.06,0.86,1.83,0.04,<1,<30,<10,>10000,<5,<0.1,<0.2,7190.45,2.92,<10,0.63,13.7,7.32,1.95,18.9,,36.24,3,<1,1.05,<0.2,5025,<10,0.19,727,2.9,13.4,1701,<5,548.7,624.13,9.02,<0.02,4.06,<5,<1,116.62,<1,2942.65,<0.5,3.4,<1,47.13,<0.5,0.23,10.53,14.79,3.25,25.29,1.01,20.35,17.1
15,CBT-QCM3,Preferred,1.25,22.48,1.5,0.66,1.21,0.14,,4.73,0.1,2.25,37,<10,>10000,7.4,0.14,0.28,>10000,6.39,17.71,1.56,33.63,18.01,4.68,47.99,,94.2,,1,2.61,<0.2,>10000,12.5,0.48,1790,6.63,30,4440,8.57,1498.88,>1000,23.58,,10.95,8.25,,300.38,1.63,7050.13,<0.5,8.77,,127.75,,0.55,27.54,37,8,65.56,3.08,43.75,40.55,,,,,,,,,,,,,,,,,,,,,,,,,,,,,,,,,,,,,,,,,,,,,,,,,,,,,,,,,,,,,,,,,,,,,,,,,36,9.83,,,,,,,,,,,,,,,,,,,,,,,,,,,,,,,,,,,,,,,,,,,,,,,,,,,,,,,,,,,,,,,,,,,,,,,,,,,,,,,,,,,,,,,,,,,,,,,,,,,,,,,,,,,,,,,,,,,,,,,,,,,,,,,,,,,,,,,,,,,,,,,,,,,,,,,,,,,,,,,,,,,,,,,,,,,,,,,,,,,,,,,,,,,,,,,,,,,,1.25,22.48,1.5,0.66,1.21,0.14,,4.73,0.1,2.25,37,<10,>10000,7.4,0.14,0.28,>10000,6.39,17.71,1.56,33.63,18.01,4.68,47.99,,94.2,,1,2.61,<0.2,>10000,12.5,0.48,1790,6.63,30,4440,8.57,1498.88,>1000,23.58,,10.95,8.25,,300.38,1.63,7050.13,<0.5,8.77,,127.75,,0.55,27.54,37,8,65.56,3.08,43.75,40.55
16,CBT-QCM3,Mean,1.15,22.95,1.53,0.65,1.17,0.16,2.02,5,0.11,2.5,34.5,17.5,>10000,<5,<0.1,0.3,>10000,6.2,12.5,1.75,35,20.66,5.57,53.94,,109.5,<1,1.5,2.93,<0.2,>10000,16,0.49,1898.5,6,29.5,5448,10,1311,>1000,23.2,<0.02,11.95,,2,349,<1,>5000,<0.5,8.63,<0.05,99.5,<0.5,0.64,21.47,23.5,8.5,61.45,3.4,40,39.2,,,,,,,,,,,,,,,,,,,,,,,,,,,,,,,,,,,,,,,,,,,,,,,,,,,,,,,0.88,8.92,45.4,<0.01,0.9,0.3,38.5,2.5,0.1,0.1,0.1,4.1,,0.06,<0.01,0.27,,,37.13,10.13,,,,,,,,,,,,,,,,,,,,,,,,,,,,,,,,,,,,,,,,,,,,,,,,,,,,,,,,,,,,,,,,,,,,,,,,,,,,,,,,,,,,,,,,,,,,,,,,,,,,,,,,,,,,,,,,,,,,,,,,,,,,,,,,,,,,,,,,,,,,,,,,,,,,,,,,,,,,,,,,,,,,,,,,,,,,,,,,,,,,,,,,,,,,,,,,,,,,1.15,22.95,1.53,0.65,1.17,0.16,2.02,5,0.11,2.5,34.5,17.5,>10000,<5,<0.1,0.3,>10000,6.2,12.5,1.75,35,20.66,5.57,53.94,,109.5,<1,1.5,2.93,<0.2,>10000,16,0.49,1898.5,6,29.5,5448,10,1311,>1000,23.2,<0.02,11.95,,2,349,<1,>5000,<0.5,8.63,<0.05,99.5,<0.5,0.64,21.47,23.5,8.5,61.45,3.4,40,39.2
17,DGPM-1,Preferred,4.82,0.17,1.36,2.23,0.32,0.04,0.31,>30,0.33,<1,180,93.6,1272,<5,0.1,0.34,90.5,1.36,120,8.92,13.7,3.22,2.08,0.78,11.3,3.9,2,9.8,0.67,<0.2,51.7,41.9,0.32,28,13.6,9.8,30.5,14.3,9.8,9.43,94,,14,8.79,1.24,4.7,2,91,0.67,0.6,<0.5,9.9,8.21,0.3,3.26,104,73.6,19.9,2.05,22,410,,,,,,,,,,,,,,,,,,,,,,,,,,,,,,,,,,,,,,,,,,,,,,,,,,,,730,12.3,9.4,9.56,0.14,0.22,0.01,1.92,2.74,3.68,0.56,<0.01,0.07,0.09,79.82,0.01,0.56,0.02,0.09,0.337,0.11,0.03,0.01,1.08,0.09,,,,,,,,,,,,,,,,,,,,,,,,,,,,,,,,,,,,,,,,,,,,,,,,,,,,,,,,,,,,,,,,,,,,,,,,,,,,,,,,,,,,,,,,,,,,,,,,,,,,,,,,,,,,,,,,,,,,,,,,,,,,,,,,,,,,,,,,,,,,,,,,,,,,,,,,,,,,,,,,,,,,,,,,,,,,,,,,,,,,,,,,,,,,,,,,,,4.82,0.17,1.36,2.23,0.32,0.04,0.31,>30,0.33,<1,180,93.6,1272,<5,0.1,0.34,90.5,1.36,120,8.92,13.7,3.22,2.08,0.78,11.3,3.9,2,9.8,0.67,<0.2,51.7,41.9,0.32,28,13.6,9.8,30.5,14.3,9.8,9.43,94,,14,8.79,1.24,4.7,2,91,0.67,0.6,<0.5,9.9,8.21,0.3,3.26,104,73.6,19.9,2.05,22,410
18,DGPM-1,Mean,4.86,0.19,1.34,2.26,0.31,0.04,0.33,>30,0.33,<1,171.91,93.64,1278.02,<5,0.17,0.32,91.48,1.41,122.35,8.83,13.29,3.32,2.08,0.79,11.6,3.66,2.22,11.19,0.69,<0.2,52,41.1,0.33,42.75,14.45,10.25,30.9,14.94,11.54,9.73,93.06,<0.02,13.74,8.97,1,4.8,2.48,92.91,0.73,0.57,<1,10.62,8.44,0.31,3.51,100.6,77.5,20.2,2.11,21,418.29,0.23,0.1,1.21,0.23,0.04,0.03,0.33,<0.01,0.36,185,0.66,14,210,0.15,0.11,0.22,88.2,1.21,33.8,1.61,9.53,1.66,0.31,0.09,1.22,0.01,48.8,5.5,19,13.8,0.12,7.6,363,8.96,7.48,0.018,7.06,3.9,1.6,0.87,44.6,0.01,0.06,8.54,7.88,1.56,30.5,11.2,16.2,14.3,2,764,13,10,9.4,0.15,0.19,0.02,1.9,2.72,4.14,0.55,<0.01,0.09,0.1,79.75,<0.01,0.56,0.02,0.09,0.33,0.11,<0.05,0.01,1.07,0.09,,,,,,,,,,,,,,,,,,,,,,,,,,,,,,,,,,,,,86.67,3.67,2.27,,8,0.7,50,0.37,,10,,95,26.33,0.3,4,2,,,,,,,,,,,,,,,,,,,,,,,,,,,,,,,,,,,,,,,,,,,,,,,,,,,,,,,,,,,,,,,,,,,,,,,,,,,,,,,,,,,,,,,,,,,,,,,,,,,,,,,,,,,,,,,,,,,,,,,,,,,,,,,,,,,,,,,,,,,,,,4.86,0.19,1.34,2.26,0.31,0.04,0.33,>30,0.33,<1,171.91,93.64,1278.02,<5,0.17,0.32,91.48,1.41,122.35,8.83,13.29,3.32,2.08,0.79,11.6,3.66,2.22,11.19,0.69,<0.2,52,41.1,0.33,42.75,14.45,10.25,30.9,14.94,11.54,9.73,93.06,<0.02,13.74,8.97,1,4.8,2.48,92.91,0.73,0.57,<1,10.62,8.44,0.31,3.51,100.6,77.5,20.2,2.11,21,418.29
19,DGPM-2,Preferred,3.53,8.45,2.04,1.14,3.87,0.44,,,0.19,4,160,46,2320,<5,0.49,15.39,23.43,3.01,153,22.08,180,4.88,3.37,0.96,12,5.04,1,3,1.08,<0.2,19.03,30,0.54,200,20,9,20.96,227,42,5.17,82,,10.43,8,,4.31,3,137,<0.5,0.76,,6.49,1.61,0.52,17.5,2344,33,37,3.6,1159,136,1.12,8.36,1.81,0.24,3.43,0.01,0.04,,3.42,151.82,0.04,,1586,1.31,0.33,14.13,20.46,2.74,71.92,8.62,161.6,3.97,0.32,0.33,3.24,0.06,17.2,14.44,164.8,18.76,0.16,222.6,,28.6,24.28,,4.59,6.98,14.7,1.72,103.74,0.02,0.12,4.72,0.97,10.54,1394.8,4.29,29.36,1105.8,13.1,230,17.6,28.2,6.58,0.26,12.65,<0.01,2.93,1.28,22.83,6.59,0.03,0.08,1,44.58,0.02,0.32,0.42,,<0.05,9.71,,,,,,,,,,,,,,,,,,,0.23,0.176,0.28,,,,,,,,,,,,,,,,,,,,,,,,,,,,,,,,,,,,,,,,,,,,,,,,,,,,,,,,,,,,,,,,,,,,,,,,,,,,,,,,,,,,,,,,,,,,,,,,,,,,,,,,,,,,,,,,,,,,,,,,,,,,,,,,,,,,,,,,,,,,,,,,,,,,,,,,,,,,,,,,,,,,,,,,,,,,,,,,,3.53,8.45,2.04,1.14,3.87,0.44,,,0.19,4,160,46,2320,<5,0.49,15.39,23.43,3.01,153,22.08,180,4.88,3.37,0.96,12,5.04,1,3,1.08,<0.2,19.03,30,0.54,200,20,9,20.96,227,42,5.17,82,,10.43,8,,4.31,3,137,<0.5,0.76,,6.49,1.61,0.52,17.5,2344,33,37,3.6,1159,136
20,DGPM-2,Mean,3.43,8.63,2.1,1.13,3.83,0.42,0.02,21.79,0.19,3.35,153.54,42.07,2326.83,<5,0.42,15.51,23.83,3.14,157.06,23.25,181.29,4.97,3.28,1.05,11.83,5.2,<1,3.03,1.07,<0.2,19.73,29.69,0.59,178,17.97,7.74,21.37,241.77,36.09,5.33,81,<0.02,9.65,8.26,14.31,4.44,3.06,133.6,0.54,0.78,<1,6.36,1.6,0.54,16.76,2336,31.49,35.99,3.6,1159,136,1.16,8.65,1.92,0.24,3.7,0.01,0.03,<0.01,3.39,146.67,0.02,10.5,1673.33,1.01,0.33,14.33,22.63,2.89,74.23,9.04,174.83,3.78,0.1,0.19,2.94,0.07,17.6,15.17,161.17,18.87,0.05,244.67,0.45,31.67,23.57,0.04,6.1,7.03,15.07,1.71,102.23,<0.01,0.1,5.16,0.96,11.58,1268.67,4.46,29.47,1074.67,9.84,231.4,17.6,28.2,6.56,0.28,12.6,0.03,2.96,1.27,23.16,6.54,0.03,0.09,0.99,44.44,0.01,0.32,0.45,0.17,<0.05,9.7,8.39,2.29,3.27,8.07,,,,,,,,,,,,,,,0.2,<0.1,<0.1,,,,,,,,,,,,,,,,,,,,,,,,,,,,,,,,,,,,,,,,,,,,,,,,,,,,,,,,,,,,,,,,,,,,,,,,,,,,,,,,,,,,,,,,,,,,,,,,,,,,,,,,,,,,,,,,,,,,,,,,,,,,,,,,,,,,,,,,,,,,,,,,,,,,,,,,,,,,,,,,,,,,,,,,,,,,,,,,,3.43,8.63,2.1,1.13,3.83,0.42,0.02,21.79,0.19,3.35,153.54,42.07,2326.83,<5,0.42,15.51,23.83,3.14,157.06,23.25,181.29,4.97,3.28,1.05,11.83,5.2,<1,3.03,1.07,<0.2,19.73,29.69,0.59,178,17.97,7.74,21.37,241.77,36.09,5.33,81,<0.02,9.65,8.26,14.31,4.44,3.06,133.6,0.54,0.78,<1,6.36,1.6,0.54,16.76,2336,31.49,35.99,3.6,1159,136
21,DGPM-3,Preferred,4.69,0.2,0.86,0.9,0.18,0.02,,,0.36,<1,74,70,791,<5,0.2,<0.2,22.81,0.67,110,10.3,22,2.62,1.72,0.43,11,2.05,2,13,0.58,<0.2,15.5,51,0.24,,12,11,8.41,17,10,2.35,52.57,,4.12,8,,1.81,3,39.77,0.79,0.38,,7.53,13.73,0.26,2.71,79,99,20.93,1.63,10,438,,,,,,,,,,,,,,,,,,,,,,,,,,,,,,,,,,,,,,,,,,,,,,,,,,,,1522,17,11,9.02,,0.17,<0.01,1.24,1.05,4.21,0.32,<0.01,0.04,0.04,83.08,,0.61,,,0.24,0.11,,,0.88,,,,,,,,,,,,,,,,,,,,,,,,,,,,,,,,,,,,,,,,,,,,,,,,,,,,,,,,,,,,,,,,,,,,,,,,,,,,,,,,,,,,,,,,,,,,,,,,,,,,,,,,,,,,,,,,,,,,,,,,,,,,,,,,,,,,,,,,,,,,,,,,,,,,,,,,,,,,,,,,,,,,,,,,,,,,,,,,,,,,,,,,,,,,,,,,,,,4.69,0.2,0.86,0.9,0.18,0.02,,,0.36,<1,74,70,791,<5,0.2,<0.2,22.81,0.67,110,10.3,22,2.62,1.72,0.43,11,2.05,2,13,0.58,<0.2,15.5,51,0.24,,12,11,8.41,17,10,2.35,52.57,,4.12,8,,1.81,3,39.77,0.79,0.38,,7.53,13.73,0.26,2.71,79,99,20.93,1.63,10,438
22,DGPM-3,Mean,4.67,0.16,0.9,0.89,0.19,0.01,0.24,>30,0.35,2.67,70.68,68.91,783.09,<5,0.15,<0.2,23.36,0.77,117.88,10.59,12.94,2.59,1.67,0.44,11.12,2.08,1.29,12.06,0.57,<0.2,16.07,51.29,0.26,20.4,11.26,10.18,8.47,20.48,7.83,2.41,51.57,<0.02,3.68,8.12,1.5,1.77,2.48,38.25,0.66,0.38,<1,7.32,13.53,0.26,2.61,77.24,93.82,20.82,1.6,8.76,449.03,,,,,,,,,,,,,,,,,,,,,,,,,,,,,,,,,,,,,,,,,,,,,,,,,,,,1503.83,15.83,24.67,8.97,0.09,0.16,<0.01,1.28,1.04,4.31,0.34,<0.01,0.06,0.04,82.97,,0.61,0.02,,0.24,0.11,,,0.89,,,,,,,,,,,,,,,,,,,,,,,,,,,,,,,,,,,,,,,,,,,,,,,,,,,,,,,,,,,,,,,,,,,,,,,,,,,,,,,,,,,,,,,,,,,,,,,,,,,,,,,,,,,,,,,,,,,,,,,,,,,,,,,,,,,,,,,,,,,,,,,,,,,,,,,,,,,,,,,,,,,,,,,,,,,,,,,,,,,,,,,,,,,,,,,,,,,4.67,0.16,0.9,0.89,0.19,0.01,0.24,>30,0.35,2.67,70.68,68.91,783.09,<5,0.15,<0.2,23.36,0.77,117.88,10.59,12.94,2.59,1.67,0.44,11.12,2.08,1.29,12.06,0.57,<0.2,16.07,51.29,0.26,20.4,11.26,10.18,8.47,20.48,7.83,2.41,51.57,<0.02,3.68,8.12,1.5,1.77,2.48,38.25,0.66,0.38,<1,7.32,13.53,0.26,2.61,77.24,93.82,20.82,1.6,8.76,449.03
23,DNC-1,Preferred,9.71,8.21,6.97,0.19,6.11,0.03,0.05,22.04,0.29,<1,<5,<10,118,<5,<0.1,<0.2,8.28,57,270,0.26,100,3,1.97,0.59,15,2,1,1,0.62,<0.2,3.6,<10,0.32,1162,<2,3,5.2,247,6.3,1.13,4.5,,0.96,31,,1.44,2,144,<0.5,0.41,<0.5,0.3,<0.5,0.31,0.09,148,<1,18,2,70,38,,,,,,,,,,,,,,,,,,,,,,,,,,,,,,,,,,,,,,,,,,,,,,,,,,,,,,,18.34,0.01,11.49,0.04,9.97,0.234,0.49,10.13,0.15,1.89,0.07,47.15,,0.48,0.03,,,,,,,,,,,,,,,,,,,,,,,,,,,,,,,,,,,,,,,,,,,,,,,,,,,,,,,,,,,,,,,,,,,,,,,,,,,,,,,,,,,,,,,,,,,,,,,,,,,,,,,,,,,,,,,,,,,,,,,,,,,,,,,,,,,,,,,,,,,,,,,,,,,,,,,,,,,,,,,,,,,,,,,,,,,,,,,,,,,,,,,,,,,,,,,,,,,,,,,,,9.71,8.21,6.97,0.19,6.11,0.03,0.05,22.04,0.29,<1,<5,<10,118,<5,<0.1,<0.2,8.28,57,270,0.26,100,3,1.97,0.59,15,2,1,1,0.62,<0.2,3.6,<10,0.32,1162,<2,3,5.2,247,6.3,1.13,4.5,,0.96,31,,1.44,2,144,<0.5,0.41,<0.5,0.3,<0.5,0.31,0.09,148,<1,18,2,70,38
24,DNC-1,Mean,9.51,7.8,6.79,0.22,6.04,0.03,0.05,22.5,0.29,<1,<30,<10,101.83,<5,0.3,<0.2,8.28,58.89,286.21,0.26,96.66,2.81,1.97,0.61,14.31,2.14,1.21,1,0.65,<0.2,3.84,<10,0.32,1143,<2,1.43,4.99,265.31,8.46,1.18,3.8,<0.02,0.99,29.41,<1,1.45,1.81,146.34,<0.5,0.41,<0.5,0.26,<0.5,0.31,0.09,152.83,<1,16.82,1.94,64.72,34.89,,,,,,,,,,,,,,,,,,,,,,,,,,,,,,,,,,,,,,,,,,,,,,,,,,,,,,,18.54,0.01,11.45,0.04,10.04,0.23,0.49,10.14,0.14,1.9,0.06,47.09,,0.49,0.03,,,,,,,,,,,,,,,,,,,,,,,,,,,,,,,,,,,,,,,,,,,,,,,,,,,,,,,,,,,,,,,,,,,,,,,,,,,,,,,,,,,,,,,,,,,,,,,,,,,,,,,,,,,,,,,,,,,,,,,,,,,,,,,,,,,,,,,,,,,,,,,,,,,,,,,,,,,,,,,,,,,,,,,,,,,,,,,,,,,,,,,,,,,,,,,,,,,,,,,,,9.51,7.8,6.79,0.22,6.04,0.03,0.05,22.5,0.29,<1,<30,<10,101.83,<5,0.3,<0.2,8.28,58.89,286.21,0.26,96.66,2.81,1.97,0.61,14.31,2.14,1.21,1,0.65,<0.2,3.84,<10,0.32,1143,<2,1.43,4.99,265.31,8.46,1.18,3.8,<0.02,0.99,29.41,<1,1.45,1.81,146.34,<0.5,0.41,<0.5,0.26,<0.5,0.31,0.09,152.83,<1,16.82,1.94,64.72,34.89
25,DNC-1a,Preferred,9.71,8.21,6.97,0.19,6.11,0.03,0.05,22.04,0.29,<1,<5,<10,118,<5,<0.1,<0.2,8.28,57,270,0.26,100,3,1.97,0.59,15,2,1,1,0.62,<0.2,3.6,<10,0.32,1162,<2,3,5.2,247,6.3,1.13,4.5,,1,31,,1.44,2,144,<0.5,0.41,<0.05,0.3,<0.5,0.31,0.09,148,<1,18,2,70,38,,,,,,,,,,,,,,,,,,,,,,,,,,,,,,,,,,,,,,,,,,,,,,,,,,,,,,,18.3,0.01,11.49,0.04,9.97,0.23,0.49,10.1,0.15,1.89,0.07,47.2,,0.48,0.03,,,,,,,,,,,,,,,,,,,,,,,,,,,,,,,,,,,,,,,,,,,,,,,,,,,,,,,,,,,,,,,,,,,,,,,,,,,,,,,,,,,,,,,,,,,,,,,,,,,,,,,,,,,,,,,,,,,,,,,,,,,,,,,,,,,,,,,,,,,,,,,,,,,,,,,,,,,,,,,,,,,,,,,,,,,,,,,,,,,,,,,,,,,,,,,,,,,,,,,,,9.71,8.21,6.97,0.19,6.11,0.03,0.05,22.04,0.29,<1,<5,<10,118,<5,<0.1,<0.2,8.28,57,270,0.26,100,3,1.97,0.59,15,2,1,1,0.62,<0.2,3.6,<10,0.32,1162,<2,3,5.2,247,6.3,1.13,4.5,,1,31,,1.44,2,144,<0.5,0.41,<0.05,0.3,<0.5,0.31,0.09,148,<1,18,2,70,38
26,DNC-1a,Mean,9.84,7.8,6.79,0.22,6.04,0.03,0.05,22.5,0.29,<1,<30,<10,101.83,<5,0.3,<0.2,8.28,58.9,286.21,0.26,96.7,2.81,1.97,0.61,14.3,2.14,1.21,1,0.65,<0.2,3.84,<10,0.32,1143,<2,1.43,5,265.31,8.46,1.13,3.8,<0.02,1,29.41,<1,1.44,1.8,146.34,<0.5,0.41,<0.05,0.26,<0.5,0.31,0.09,152.83,<1,16.82,1.94,64.72,34.89,,,,,,,,,,,,,,,,,,,,,,,,,,,,,,,,,,,,,,,,,,,,,,,,,,,,,,,18.54,<0.01,11.45,0.04,10.04,0.23,0.49,10.1,0.14,1.9,0.06,47.1,,0.49,0.03,,,,,,,,,,,,,,,,,,,,,,,,,,,,,,,,,,,,,,,,,,,,,,,,,,,,,,,,,,,,,,,,,,,,,,,,,,,,,,,,,,,,,,,,,,,,,,,,,,,,,,,,,,,,,,,,,,,,,,,,,,,,,,,,,,,,,,,,,,,,,,,,,,,,,,,,,,,,,,,,,,,,,,,,,,,,,,,,,,,,,,,,,,,,,,,,,,,,,,,,,9.84,7.8,6.79,0.22,6.04,0.03,0.05,22.5,0.29,<1,<30,<10,101.83,<5,0.3,<0.2,8.28,58.9,286.21,0.26,96.7,2.81,1.97,0.61,14.3,2.14,1.21,1,0.65,<0.2,3.84,<10,0.32,1143,<2,1.43,5,265.31,8.46,1.13,3.8,<0.02,1,29.41,<1,1.44,1.8,146.34,<0.5,0.41,<0.05,0.26,<0.5,0.31,0.09,152.83,<1,16.82,1.94,64.72,34.89
27,G-2,Preferred,8.15,1.4,1.86,3.72,0.45,0.06,0.01,32.32,0.29,,0.25,2.4,1880,2.5,0.04,,160,4.6,,1.34,11,2.4,0.92,1.4,23,4.3,,7.9,0.4,,89,34,0.11,,,12,55,,30,18,170,,,3.5,0.07,7.2,,478,0.5,0.48,,25,,0.18,,36,0.2,11,0.8,86,309,,,,,,,,,,,,,,,,,,,,,,,,,,,,,,,,,,,,,,,,,,,,,,,,,,,,,,,15.39,,1.96,,2.66,4.48,,0.75,0.03,4.08,0.14,69.14,,0.48,,,,,,,,,,,,,,,,,,,,,,,,,,,,,,,,,,,,,,,,,,,,,,,,,,,,,,,,,,,,,,,,,,,,,,,,,,,,,,,,,,,,,,,,,,,,,,,,,,,,,,,,,,,,,,,,,,,,,,,,,,,,,,,,,,,,,,,,,,,,,,,,,,,,,,,,,,,,,,,,,,,,,,,,,,,,,,,,,,,,,,,,,,,,,,,,,,,,,,,,,,8.15,1.4,1.86,3.72,0.45,0.06,0.01,32.32,0.29,,0.25,2.4,1880,2.5,0.04,,160,4.6,,1.34,11,2.4,0.92,1.4,23,4.3,,7.9,0.4,,89,34,0.11,,,12,55,,30,18,170,,,3.5,0.07,7.2,,478,0.5,0.48,,25,,0.18,,36,0.2,11,0.8,86,309
28,G-2,Mean,8.21,1.3,1.83,3.8,0.42,0.05,<0.01,>30,0.29,<1,<5,<10,1903,<5,<0.1,<0.2,176,4.8,<10,1.6,11,2.36,1,1.39,24,4.06,<1,8,0.4,<0.2,93.8,32,0.12,253,<2,12,58.3,7,33,17.32,185,<0.02,<0.1,<5,<1,7.4,1,488,0.7,0.49,<0.05,25.8,0.9,0.13,2.04,34,<1,9.6,0.8,87,339,,,,,,,,,,,,,,,,,,,,,,,,,,,,,,,,,,,,,,,,,,,,,,,,,,,,,,,15.88,0.22,1.86,<0.01,2.92,4.63,0.94,0.75,0.04,3.97,0.13,68.37,0.05,0.48,<0.01,,,,,,,,,,,,,,,,,,,,,,,,,,,,,,,,,,,,,,,,,,,,,,,,,,,,,,,,,,,,,,,,,,,,,,,,,,,,,,,,,,,,,,,,,,,,,,,,,,,,,,,,,,,,,,,,,,,,,,,,,,,,,,,,,,,,,,,,,,,,,,,,,,,,,,,,,,,,,,,,,,,,,,,,,,,,,,,,,,,,,,,,,,,,,,,,,,,,,,,,,8.21,1.3,1.83,3.8,0.42,0.05,<0.01,>30,0.29,<1,<5,<10,1903,<5,<0.1,<0.2,176,4.8,<10,1.6,11,2.36,1,1.39,24,4.06,<1,8,0.4,<0.2,93.8,32,0.12,253,<2,12,58.3,7,33,17.32,185,<0.02,<0.1,<5,<1,7.4,1,488,0.7,0.49,<0.05,25.8,0.9,0.13,2.04,34,<1,9.6,0.8,87,339
29,G-3,Preferred,8.43,1.31,2,3.79,0.45,0.06,<0.01,32.09,0.29,<1,<5,<10,1942,<5,<0.1,<0.2,167,4.6,19,1.6,15.4,2.17,0.85,1.4,23.55,4.66,1.12,8.4,0.36,<0.2,92.89,31.1,0.11,281,2.2,12.65,54.65,7.07,30.95,17.02,167,,0.18,<5,<0.5,7.4,2.52,465.8,0.96,0.48,,24.44,0.81,0.12,2.14,35.7,<1,9.8,0.75,87,330.5,,,,,,,,,,,,,,,,,,,,,,,,,,,,,,,,,,,,,,,,,,,,,,,,,,,,21.5,16.83,6,15.92,0.22,1.83,<0.01,2.87,4.57,0.64,0.75,0.04,3.97,0.14,68.66,,0.48,0.01,0.13,<0.05,0.05,0.1,0.03,0.02,,,,,,,,,,,,,,,,0.02,0.02,0.01,,,,,,,,,,,,,,,,,,,,,,,,,,,,,,,,,,,,,,,,,,,,,,,,,,,,,,,,,,,,,,,,,,,,,,,,,,,,,,,,,,,,,,,,,,,,,,,,,,,,,,,,,,,,,,,,,,,,,,,,,,,,,,,,,,,,,,,,,,,,,,,,,,,,,,,,,,,,,,,,,,,,,,,,,,,,,,,,,8.43,1.31,2,3.79,0.45,0.06,<0.01,32.09,0.29,<1,<5,<10,1942,<5,<0.1,<0.2,167,4.6,19,1.6,15.4,2.17,0.85,1.4,23.55,4.66,1.12,8.4,0.36,<0.2,92.89,31.1,0.11,281,2.2,12.65,54.65,7.07,30.95,17.02,167,,0.18,<5,<0.5,7.4,2.52,465.8,0.96,0.48,,24.44,0.81,0.12,2.14,35.7,<1,9.8,0.75,87,330.5
30,G-3,Mean,8.45,1.32,1.99,3.9,0.44,0.06,0.01,28.9,0.28,<1,<5,16.36,1976.12,<5,<0.1,<0.2,168.12,4.59,18.23,1.58,16.04,2.14,0.91,1.36,24.4,4.08,1,8.64,0.36,<0.2,92.49,33.96,0.1,292.32,2.63,12.44,55.56,13.13,32.32,17.24,168.52,,0.19,<5,<1,7.45,2.25,472.92,0.83,0.46,<0.05,24.45,0.89,0.12,2.12,33.48,<1,9.29,0.73,90.24,337.96,,,,,,,,,,,,,,,,,,,,,,,,,,,,,,,,,,,,,,,,,,,,,,,,,,,,23,16,<10,15.88,0.23,1.86,<0.01,2.92,4.63,0.64,0.75,0.03,3.97,0.13,68.37,,0.48,<0.01,0.12,0.01,0.04,0.06,0.02,0.01,0.02,,,,,,,,,,,,,,,0.02,0.01,<0.01,,,,,,,,,,,,,,,,,,,,,,,,,,,,,,,,,,,,,,,,,,,,,,,,,,,,,,,,,,,,,,,,,,,,,,,,,,,,,,,,,,,,,,,,,,,,,,,,,,,,,,,,,,,,,,,,,,,,,,,,,,,,,,,,,,,,,,,,,,,,,,,,,,,,,,,,,,,,,,,,,,,,,,,,,,,,,,,,,8.45,1.32,1.99,3.9,0.44,0.06,0.01,28.9,0.28,<1,<5,16.36,1976.12,<5,<0.1,<0.2,168.12,4.59,18.23,1.58,16.04,2.14,0.91,1.36,24.4,4.08,1,8.64,0.36,<0.2,92.49,33.96,0.1,292.32,2.63,12.44,55.56,13.13,32.32,17.24,168.52,,0.19,<5,<1,7.45,2.25,472.92,0.83,0.46,<0.05,24.45,0.89,0.12,2.12,33.48,<1,9.29,0.73,90.24,337.96
31,GSP-2,Preferred,7.88,1.5,3.43,4.48,0.58,0.13,0.05,31.3,0.4,<1,<5,<10,1340,<5,<0.1,<0.2,410,7.3,20,1.2,43,6.1,2.2,2.3,22,12,1,14,1,<0.2,180,36,0.23,320,2.1,27,200,17,42,51,245,,0.35,6.3,<0.5,27,8,240,0.8,1.3,<0.5,105,1.1,0.29,2.4,52,<1,28,1.6,120,550,,,,,,,,,,,,,,,,,,,,,,,,,,,,,,,,,,,,,,,,,,,,,,,,,,,,24,4,4,14.9,0.15,2.1,<0.01,4.9,5.38,1.1,0.96,0.04,2.78,0.29,66.6,0.03,0.66,0.01,0.3,0.05,0.08,0.13,0.04,0.03,0.04,14.9,,2.1,,4.9,5.38,0.96,0.04,2.78,0.29,66.6,,0.66,0.01,,,,,,,,,,,,,,,,,,,,,,,,,,,,,,,,,,,,,,,,,,,,,,,,,,,,,,,,,,,,,,,,,,,,,,,,,,,,,,,,,,,,,,,,,,,,,,,,,,,,,,,,,,,,,,,,,,,,,,,,,,,,,,,,,,,,,,,,,,,,,,,,,,,,,,,,,,,,,,,,,,,,,,,,,,,,,,,,,,,,7.88,1.5,3.43,4.48,0.58,0.13,0.05,31.3,0.4,<1,<5,<10,1340,<5,<0.1,<0.2,410,7.3,20,1.2,43,6.1,2.2,2.3,22,12,1,14,1,<0.2,180,36,0.23,320,2.1,27,200,17,42,51,245,,0.35,6.3,<0.5,27,8,240,0.8,1.3,<0.5,105,1.1,0.29,2.4,52,<1,28,1.6,120,550
32,GSP-2,Mean,7.8,1.5,3.34,4.59,0.56,0.12,0.05,>30,0.39,<1,<30,<10,1331.95,<5,<0.1,<0.2,429.17,7.43,21.11,1.2,45.53,5.78,2.3,2.28,23.55,12.19,1.36,15.42,0.96,<0.2,182.64,38.11,0.25,312,2.9,25.74,203.83,21.61,43.74,55.9,250.38,<0.02,0.5,6.07,,25.71,7.72,246.17,0.79,1.31,<1,111.26,1.36,0.3,2.64,53.64,<1,26.15,1.65,115.37,557.13,,,,,,,,,,,,,,,,,,,,,,,,,,,,,,,,,,,,,,,,,,,,,,,,,,,,24.24,4,6,14.9,0.18,2.17,<0.01,5,5.4,1.08,1.01,0.03,2.77,0.29,66.73,0.05,0.69,<0.01,0.27,<0.05,0.08,0.13,0.04,0.02,0.04,14.18,,2,,4.75,5.67,0.92,0.04,2.76,0.3,66.81,,0.65,<0.01,,,,,,,,,,,,,,,,,,,,,,,,,,,,,,,,,,,,,,,,,,,,,,,,,,,,,,,,,,,,,,,,,,,,,,,,,,,,,,,,,,,,,,,,,,,,,,,,,,,,,,,,,,,,,,,,,,,,,,,,,,,,,,,,,,,,,,,,,,,,,,,,,,,,,,,,,,,,,,,,,,,,,,,,,,,,,,,,,,,,7.8,1.5,3.34,4.59,0.56,0.12,0.05,>30,0.39,<1,<30,<10,1331.95,<5,<0.1,<0.2,429.17,7.43,21.11,1.2,45.53,5.78,2.3,2.28,23.55,12.19,1.36,15.42,0.96,<0.2,182.64,38.11,0.25,312,2.9,25.74,203.83,21.61,43.74,55.9,250.38,<0.02,0.5,6.07,,25.71,7.72,246.17,0.79,1.31,<1,111.26,1.36,0.3,2.64,53.64,<1,26.15,1.65,115.37,557.13
33,GSP-QC,Preferred,7.4,1.55,2.85,4.12,0.6,0.12,0.06,31.6,0.38,2.8,30.7,<10,1320,<5,4.3,0.26,369,6.37,22.1,1.99,31.1,5.56,2.4,2.02,22,14.8,1.62,9.69,0.92,<0.2,166,33.6,0.25,281,<2,22.6,186,10.6,43.3,47.7,240,,0.9,6,<5,23.8,5,219,7.99,1.68,4,99.9,2.11,0.27,2.56,72.8,6.33,25,1.71,115,396,,,,,,,,,,,,,,,,,,,,,,,,,,,,,,,,,,,,,,,,,,,,,,,,,,,,156,2,<5,14.4,0.15,2.13,<0.01,4.04,5.17,1.15,1.03,0.04,2.51,0.3,67.3,0.02,0.67,0.01,0.31,0.06,0.18,0.33,0.09,0.26,0.09,14.4,1320,2.13,,4.04,5.17,1.03,0.04,2.51,0.3,67.3,219,0.67,0.01,,,,2.75,30.7,1.17,4.3,0.26,6.37,31.1,33.6,<10,186,10.6,1200,43.3,0.9,4,4.88,2.11,25,115,,,,,,,,,,,,,,,,,<0.05,<0.05,2.85,<0.05,<0.05,<0.05,,,,,,,,,,,,,,,,,,,,,,,,,,,,,,,,,,,,,,,,,,,,,,,,,,,,,,,,,,,,,,,,,,,,,,,,,,,,,,,,,,,,,,,,,,,,,,,,,,,,,,,,,,,,,,,,,,,,,,,,,,,,,,,,,,,,,,,,7.4,1.55,2.85,4.12,0.6,0.12,0.06,31.6,0.38,2.8,30.7,<10,1320,<5,4.3,0.26,369,6.37,22.1,1.99,31.1,5.56,2.4,2.02,22,14.8,1.62,9.69,0.92,<0.2,166,33.6,0.25,281,<2,22.6,186,10.6,43.3,47.7,240,,0.9,6,<5,23.8,5,219,7.99,1.68,4,99.9,2.11,0.27,2.56,72.8,6.33,25,1.71,115,396
34,GSP-QC,Mean,7.51,1.49,2.8,4.31,0.59,0.12,0.06,>30,0.39,3.25,34.24,<10,1308.52,<5,4.34,0.29,396.98,6.62,20.92,1.98,33.45,5.62,2.34,2.12,23.11,12.28,1.49,14.88,0.95,<0.2,171.45,35,0.26,299,<2,24.17,188.98,14.77,38.85,51.28,239.94,<0.02,0.94,6.02,4,24.05,5.27,224.04,8.02,1.37,3.79,102.13,2.16,0.3,2.65,73.63,6.84,25.39,1.7,115.05,734,,,,,,,,,,,,,,,,,,,,,,,,,,,,,,,,,,,,,,,,,,,,,,,,,,,,170,1.9,2.1,14.55,0.15,2.11,<0.01,4.14,5.19,1.5,1.03,0.03,2.55,0.28,67.71,0.04,0.67,0.02,0.31,0.06,0.19,0.33,0.09,0.26,0.1,14.23,1308.52,2.07,,4.05,5.24,1.01,0.04,2.59,0.27,65.98,224.04,0.65,0.01,,,,3.06,31.47,1.28,4.02,0.22,6.59,30.96,33.74,<10,188.98,9.9,1200,38.36,0.94,4.86,4.67,2.01,23.63,116.08,,,,,,,,,,,,,,,,,<0.01,<0.01,2.86,<0.01,<0.01,0.01,,,,,,,,,,,,,,,,,,,,,,,,,,,,,,,,,,,,,,,,,,,,,,,,,,,,,,,,,,,,,,,,,,,,,,,,,,,,,,,,,,,,,,,,,,,,,,,,,,,,,,,,,,,,,,,,,,,,,,,,,,,,,,,,,,,,,,,,7.51,1.49,2.8,4.31,0.59,0.12,0.06,>30,0.39,3.25,34.24,<10,1308.52,<5,4.34,0.29,396.98,6.62,20.92,1.98,33.45,5.62,2.34,2.12,23.11,12.28,1.49,14.88,0.95,<0.2,171.45,35,0.26,299,<2,24.17,188.98,14.77,38.85,51.28,239.94,<0.02,0.94,6.02,4,24.05,5.27,224.04,8.02,1.37,3.79,102.13,2.16,0.3,2.65,73.63,6.84,25.39,1.7,115.05,734
35,NIST-1632c,Preferred,0.92,0.15,0.74,0.11,0.04,,1.46,1.65,0.05,0.1,6.2,62,41.1,1,0.1,0.07,11.9,3.48,14,0.59,6,,,0.21,3,,5,0.59,,,,8,,13.04,0.8,1,,9.32,3.79,,7.52,,0.46,2.91,1.33,1.08,1,64,,,0.05,1.4,0.4,,0.51,23.7,,4,,12,16,,,,,,,,,,,,,,,,,,,,,,,,,,,,,,,,,,,,,,,,,,,,,,,,,,,,,,,1.64,0.005,0.21,0.002,1.06,0.11,,0.07,0.002,0.04,,3.53,0.01,0.08,0.004,,,,,,,,,,,,,,,,,,,,,,,,,,,,,,,,,,,,,,,,,,,,,,,,,,,,,,,,,,,,,,,,,,,,,,,,,,,,,,,,,,,,,,,,,,,,,,,,,,,,,,,,,,,,,,,,,,,,,,,,,,,,,,,,,,,,,,,,,,,,,,,,,,,,,,,,,,,,,,,,,,,,,,,,,,,,,,,,,,,,,,,,,,,,,,,,,,,,,,,,,0.92,0.15,0.74,0.11,0.04,,1.46,1.65,0.05,0.1,6.2,62,41.1,1,0.1,0.07,11.9,3.48,14,0.59,6,,,0.21,3,,5,0.59,,,,8,,13.04,0.8,1,,9.32,3.79,,7.52,,0.46,2.91,1.33,1.08,1,64,,,0.05,1.4,0.4,,0.51,23.7,,4,,12,16
36,NIST-1632c,Mean,0.87,0.15,0.71,0.15,0.03,0.02,0.47,1.56,0.05,<1,5.7,56,41,<5,0.1,<0.2,10.9,3.33,19,0.53,<5,0.79,0.51,0.23,3.4,0.91,4,,0.18,<0.2,5.8,<10,0.06,12,,1.7,4.9,15.3,5.5,1.29,8,<0.02,0.5,,<5,0.83,<1,63,<0.5,0.15,<0.5,1.4,<0.5,0.06,0.52,22.3,<1,4.9,0.47,12,20,,,,,,,,,,,,,,,,,,,,,,,,,,,,,,,,,,,,,,,,,,,,,,,,,,,,,,,1.63,<0.01,0.19,<0.01,0.95,0.16,79.9,0.07,<0.01,0.12,0.03,3.26,0.01,0.08,<0.01,,,,,,,,,,,,,,,,,,,,,,,,,,,,,,,,,,,,,,,,,,,,,,,,,,,,,,,,,,,,,,,,,,,,,,,,,,,,,,,,,,,,,,,,,,,,,,,,,,,,,,,,,,,,,,,,,,,,,,,,,,,,,,,,,,,,,,,,,,,,,,,,,,,,,,,,,,,,,,,,,,,,,,,,,,,,,,,,,,,,,,,,,,,,,,,,,,,,,,,,,0.87,0.15,0.71,0.15,0.03,0.02,0.47,1.56,0.05,<1,5.7,56,41,<5,0.1,<0.2,10.9,3.33,19,0.53,<5,0.79,0.51,0.23,3.4,0.91,4,,0.18,<0.2,5.8,<10,0.06,12,,1.7,4.9,15.3,5.5,1.29,8,<0.02,0.5,,<5,0.83,<1,63,<0.5,0.15,<0.5,1.4,<0.5,0.06,0.52,22.3,<1,4.9,0.47,12,20
37,RGM-1,Preferred,7.25,0.82,1.3,3.57,0.17,,,34.31,0.16,<1,<5,28,810,2.4,,,47,2,<10,9.6,12,4.1,,0.66,15,3.7,,,,,24,57,0.4,280,2.3,8.9,19,,24,,150,,1.3,4.4,,4.3,4.1,110,0.95,,,15,,,5.8,13,1.5,25,2.6,32,220,,,,,,,,,,,,,,,,,,,,,,,,,,,,,,,,,,,,,,,,,,,,,,,,,,,,,,,13.7,0.09,1.15,<0.01,1.86,4.3,,0.28,0.04,4.07,,73.4,,0.27,<0.01,,,,,,,,13.7,,1.15,<0.01,1.86,4.3,0.28,0.04,4.07,,73.4,,0.27,,,,,,,,,,,,,,,,,,,,,,,,,,,,,,,,,,,,,,,,,,,,,,,,,,,,,,,,,,,,,,,,,,,,,,,,,,,,,,,,,,,,,,,,,,,,,,,,,,,,,,,,,,,,,,,,,,,,,,,,,,,,,,,,,,,,,,,,,,,,,,,,,,,,,,,,,,,,,,,,,,,,,,,,,,,,,,,,,,,,,7.25,0.82,1.3,3.57,0.17,,,34.31,0.16,<1,<5,28,810,2.4,,,47,2,<10,9.6,12,4.1,,0.66,15,3.7,,,,,24,57,0.4,280,2.3,8.9,19,,24,,150,,1.3,4.4,,4.3,4.1,110,0.95,,,15,,,5.8,13,1.5,25,2.6,32,220
38,RGM-1,Mean,7.13,0.83,1.29,3.65,0.17,0.02,<0.01,>30.0,0.15,<1,<5,35,825.75,<5,0.28,<0.2,46.45,2.1,<10,10.05,11,3.6,2.32,0.62,16,3.69,1,6.25,0.75,<0.2,23.45,59.75,0.4,277.5,3,9.5,19.58,9.67,24.25,5.38,149.5,<0.02,1.28,<5,<1,4,4.5,104,0.85,0.59,<0.05,14.38,0.95,0.37,5.56,11.75,1.75,21.2,2.43,35,214.5,,,,,,,,,,,,,,,,,,,,,,,,,,,,,,,,,,,,,,,,,,,,,,,,,,,,,,,13.64,0.1,1.16,<0.01,1.82,4.3,1.18,0.29,0.04,4.03,0.04,73,,0.26,<0.01,,,,,,,,13.5,,1.2,<0.01,1.88,4.3,0.28,0.04,4.12,0.05,72.4,,0.26,,,,,,,,,,,,,,,,,,,,,,,,,,,,,,,,,,,,,,,,,,,,,,,,,,,,,,,,,,,,,,,,,,,,,,,,,,,,,,,,,,,,,,,,,,,,,,,,,,,,,,,,,,,,,,,,,,,,,,,,,,,,,,,,,,,,,,,,,,,,,,,,,,,,,,,,,,,,,,,,,,,,,,,,,,,,,,,,,,,,,7.13,0.83,1.29,3.65,0.17,0.02,<0.01,>30.0,0.15,<1,<5,35,825.75,<5,0.28,<0.2,46.45,2.1,<10,10.05,11,3.6,2.32,0.62,16,3.69,1,6.25,0.75,<0.2,23.45,59.75,0.4,277.5,3,9.5,19.58,9.67,24.25,5.38,149.5,<0.02,1.28,<5,<1,4,4.5,104,0.85,0.59,<0.05,14.38,0.95,0.37,5.56,11.75,1.75,21.2,2.43,35,214.5
39,RGM-2,Preferred,7.31,0.88,1.3,3.61,0.17,0.02,<0.01,34.3,0.15,<1,<5,36,842,<5,0.28,<0.2,48,2,<10,10.1,9.8,3.3,2.2,0.7,16,3.6,1,6,0.8,<0.2,25,58,0.4,273,2.5,9,20,<5,20,5,147,,0.8,5,,4,4,108,1,0.6,,15,0.9,0.37,5.9,12.3,2,24,2.46,33,222,,,,,,,,,,,,,,,,,,,,,,,,,,,,,,,,,,,,,,,,,,,,,,,,,,,,,,,14,0.09,1.23,<0.01,1.86,4.35,0.91,0.28,0.04,4.14,0.05,73.4,,0.25,<0.01,,,,<0.05,0.01,,,14,,1.23,,1.86,4.35,0.28,0.04,4.14,0.05,73.4,,0.25,<0.01,,,,,,,,,,,,,,,,,,,,,,,48,3.3,2.2,0.7,3.6,0.8,25,0.4,20,5,4,0.6,15,0.37,5.9,2.46,,,,,,,,,,,,,,,,,,,,,,,,,,,,,,,,,,,,,,,,,,,,,,,,,,,,,,,,,,,,,,,,,,,,,,,,,,,,,,,,,,,,,,,,,,,,,,,,,,,,,,,,,,,,,,,,,,,,,,,,,,,,,,,,,,,,,,,,,,,,,,7.31,0.88,1.3,3.61,0.17,0.02,<0.01,34.3,0.15,<1,<5,36,842,<5,0.28,<0.2,48,2,<10,10.1,9.8,3.3,2.2,0.7,16,3.6,1,6,0.8,<0.2,25,58,0.4,273,2.5,9,20,<5,20,5,147,,0.8,5,,4,4,108,1,0.6,,15,0.9,0.37,5.9,12.3,2,24,2.46,33,222
40,RGM-2,Mean,7.19,0.87,1.31,3.51,0.16,0.02,<0.01,>30,0.16,<1,<30,26.31,843.07,<5,0.28,<0.2,45.83,2.01,<10,10.07,9.43,3.68,2.32,0.6,16.57,3.63,1,6,0.76,<0.2,23.09,59.29,0.39,269.59,2.96,8.21,19.51,10.5,21.36,5.38,154.57,<0.02,0.76,<5,<1,3.94,4,108.79,0.76,0.6,<1,14.82,0.92,0.37,5.74,12.29,1.86,21.56,2.46,32.07,216.64,,,,,,,,,,,,,,,,,,,,,,,,,,,,,,,,,,,,,,,,,,,,,,,,,,,,,,,16.69,0.09,1.22,<0.01,1.87,4.36,0.91,0.29,0.03,4.04,0.05,73.01,,0.27,<0.01,,,,<0.05,0.01,,,13.64,,1.16,<0.01,1.86,4.39,0.25,0.03,3.99,0.04,73.9,,0.25,<0.01,,,,,,,,,,,,,,,,,,,,,,,48,3.9,2.8,0.7,3.7,0.8,10,0.5,19,6.2,2.8,0.9,14.2,0.5,4.6,2.9,,,,,,,,,,,,,,,,,,,,,,,,,,,,,,,,,,,,,,,,,,,,,,,,,,,,,,,,,,,,,,,,,,,,,,,,,,,,,,,,,,,,,,,,,,,,,,,,,,,,,,,,,,,,,,,,,,,,,,,,,,,,,,,,,,,,,,,,,,,,,,7.19,0.87,1.31,3.51,0.16,0.02,<0.01,>30,0.16,<1,<30,26.31,843.07,<5,0.28,<0.2,45.83,2.01,<10,10.07,9.43,3.68,2.32,0.6,16.57,3.63,1,6,0.76,<0.2,23.09,59.29,0.39,269.59,2.96,8.21,19.51,10.5,21.36,5.38,154.57,<0.02,0.76,<5,<1,3.94,4,108.79,0.76,0.6,<1,14.82,0.92,0.37,5.74,12.29,1.86,21.56,2.46,32.07,216.64
41,SAC-1,Preferred,10.23,7.39,5.59,0.27,7.06,<0.01,0.42,20.33,0.06,<1,<5,17.63,31.97,<5,1.68,0.42,1.74,83.4,4582,<0.1,1045.7,0.4,0.25,0.16,11,0.32,<1,<1,0.08,<0.2,0.91,<10,0.06,797,<2,<1,0.95,1862,8.73,0.22,3.31,,0.24,11.36,3.06,0.22,1.44,115,<0.5,0.06,3,0.21,<0.5,<0.05,0.07,74,<1,2.34,0.3,42.55,5.22,,,,,,,,,,,,,,,,,,,,,,,,,,,,,,,,,,,,,,,,,,,,,,,,,,,,,,,18.8,<0.01,10.67,0.71,8.2,0.25,5.22,11.74,0.1,0.99,<0.01,43.03,0.01,0.1,0.01,,0.42,0.16,0.4,0.11,<0.01,0.05,18.85,,10.67,0.71,8.2,0.25,11.74,0.1,0.99,<0.01,43.03,,0.1,,1.18,4.53,1.69,,,,,,,,,,,,,,,,,,,,,,,,,,,,,,,,,,,,,,,,,,,,,,,,,,,,,,,,,,,,,,,,,,,,,,,,,,,,,,,,,,,,,,,,,,,,,,,,,,,,,,,,,,,,,,,,,,,,,,,,,,,,,,,,,,,,,,,,,,,,,,,,,,,,,,,,,,,,,,,,,,,,,,,,,,,,,,,,,10.23,7.39,5.59,0.27,7.06,<0.01,0.42,20.33,0.06,<1,<5,17.63,31.97,<5,1.68,0.42,1.74,83.4,4582,<0.1,1045.7,0.4,0.25,0.16,11,0.32,<1,<1,0.08,<0.2,0.91,<10,0.06,797,<2,<1,0.95,1862,8.73,0.22,3.31,,0.24,11.36,3.06,0.22,1.44,115,<0.5,0.06,3,0.21,<0.5,<0.05,0.07,74,<1,2.34,0.3,42.55,5.22
42,SAC-1,Mean,10.23,7.39,5.59,0.27,7.06,<0.01,0.43,20.33,0.06,<1,<30,17.63,31.97,<5,1.68,0.42,1.74,83.41,4582.55,<0.1,1045.73,0.4,0.25,0.16,10.55,0.32,<1,<1,0.08,<0.2,0.91,<10,0.06,797.3,<2,<1,0.95,1862.36,8.73,0.22,3.31,<0.02,0.24,11.36,<5,0.22,1.44,114.73,<0.5,0.06,3,0.21,<0.5,<0.05,0.07,74,<1,2.34,0.3,42.55,5.22,,,,,,,,,,,,,,,,,,,,,,,,,,,,,,,,,,,,,,,,,,,,,,,,,,,,,,,18.85,<0.01,10.67,0.71,8.2,0.25,5.22,11.74,0.1,0.99,<0.01,43.03,0.1,0.1,0.01,,0.42,0.16,0.4,0.11,<0.01,0.12,18.55,,10.5,0.66,8,0.25,11.7,0.1,0.9,0.08,42.75,,0.1,,1.18,4.53,1.69,,,,,,,,,,,,,,,,,,,,,,,,,,,,,,,,,,,,,,,,,,,,,,,,,,,,,,,,,,,,,,,,,,,,,,,,,,,,,,,,,,,,,,,,,,,,,,,,,,,,,,,,,,,,,,,,,,,,,,,,,,,,,,,,,,,,,,,,,,,,,,,,,,,,,,,,,,,,,,,,,,,,,,,,,,,,,,,,,10.23,7.39,5.59,0.27,7.06,<0.01,0.43,20.33,0.06,<1,<30,17.63,31.97,<5,1.68,0.42,1.74,83.41,4582.55,<0.1,1045.73,0.4,0.25,0.16,10.55,0.32,<1,<1,0.08,<0.2,0.91,<10,0.06,797.3,<2,<1,0.95,1862.36,8.73,0.22,3.31,<0.02,0.24,11.36,<5,0.22,1.44,114.73,<0.5,0.06,3,0.21,<0.5,<0.05,0.07,74,<1,2.34,0.3,42.55,5.22
43,SAR-H,Preferred,6.26,1.04,4.51,3.46,0.92,0.08,0.47,30.59,0.34,76,396,113,866,22,5.1,25,89.3,55.6,237,4.78,1160,4.41,2.6,1.25,15.6,5.35,2,6.9,0.9,9.5,44.9,50.5,0.4,3988,64,21.9,36.2,230,3890,9.97,152,,505,8.2,15,6.39,2.9,182,1.41,0.78,9.5,17.7,11.1,0.39,4.07,73.2,13,25.4,2.6,3680,258,1.16,0.82,3.92,0.33,0.65,0.04,0.49,0.03,89.6,398,11.3,62,159,21.5,4.88,24.6,59.6,53.2,17.4,1.73,1223,4.63,0.22,0.08,7.08,10,28.2,40.1,3796,64.9,2.15,225,700,4146,23.8,0.02,388,3,17.5,1.5,48,<0.01,9.27,10.9,9.86,2.11,36.3,4.17,11,3673,3.5,5320,485,165,11.8,0.1,1.46,0.03,6.45,4.17,5.66,1.53,0.52,1.1,0.19,65.4,0.02,0.56,0.01,,0.47,0.9,0.82,0.22,7.3,0.67,11.83,,1.46,0.03,6.45,4.17,1.53,0.52,1.1,0.19,65.45,,0.56,0.003,,,,,,,,,,,,,,,,,,,,,,,,,,,,,,,,,,,,,,,,,,,,,,,,,,,,,,,,,,,,,,,,,,,,,,,,,,,,,,,,,,,,,,,,,,,,,,,,,,,,,,,,,,,,,,,,,,,,,,,,,,,,,,,,,,,,,,,,,,,,,,,,,,,,,,,,,,,,,,,,,,,,,,,,,,,,,,,,,,,,6.26,1.04,4.51,3.46,0.92,0.08,0.47,30.59,0.34,76,396,113,866,22,5.1,25,89.3,55.6,237,4.78,1160,4.41,2.6,1.25,15.6,5.35,2,6.9,0.9,9.5,44.9,50.5,0.4,3988,64,21.9,36.2,230,3890,9.97,152,,505,8.2,15,6.39,2.9,182,1.41,0.78,9.5,17.7,11.1,0.39,4.07,73.2,13,25.4,2.6,3680,258
44,SAR-H,Mean,6.27,1.04,4.37,3.58,0.88,0.08,0.47,>30,0.32,92,398.25,113.25,847.34,20.95,4.94,25.84,89.95,57.45,237.84,4.99,1215.18,4.58,2.67,1.23,16.16,5.24,1.97,7.21,0.92,10.67,45.24,52.51,0.42,3930.9,68.55,22.69,36.11,225.18,3842.2,10.11,156.49,0.02,554.24,7.88,18.76,6.33,3.99,194.96,1.3,0.78,10.72,18.79,12.39,0.41,4.72,73.55,13.79,26.31,2.67,3667.25,265,1.35,0.83,4.07,0.4,0.67,0.04,0.49,0.04,84.33,406.58,4.44,68,159.19,21.94,5.11,25.33,63.91,56.13,18.73,1.9,1188.4,5.02,0.13,0.09,7.17,10.04,31.94,40.1,3726.33,63.4,2.56,225.42,732.69,3877.52,26.87,0.02,332.23,3.17,16.85,1.61,49.32,0.02,9.79,11.2,9.64,2.12,34.27,4.06,11.32,3727.75,3.7,5504,476,166,11.8,0.1,1.48,0.03,6.46,4.19,5.66,1.53,0.52,1.18,0.19,65.1,0.02,0.56,0.01,,0.46,0.89,0.82,0.22,7.04,0.66,11.49,,1.44,0.04,6.19,4.06,1.36,0.48,1.02,0.18,68.18,,0.53,0.002,,,,,,,,,,,,,,,,,,,,,,,,,,,,,,,,,,,,,,,,,,,,,,,,,,,,,,,,,,,,,,,,,,,,,,,,,,,,,,,,,,,,,,,,,,,,,,,,,,,,,,,,,,,,,,,,,,,,,,,,,,,,,,,,,,,,,,,,,,,,,,,,,,,,,,,,,,,,,,,,,,,,,,,,,,,,,,,,,,,,6.27,1.04,4.37,3.58,0.88,0.08,0.47,>30,0.32,92,398.25,113.25,847.34,20.95,4.94,25.84,89.95,57.45,237.84,4.99,1215.18,4.58,2.67,1.23,16.16,5.24,1.97,7.21,0.92,10.67,45.24,52.51,0.42,3930.9,68.55,22.69,36.11,225.18,3842.2,10.11,156.49,0.02,554.24,7.88,18.76,6.33,3.99,194.96,1.3,0.78,10.72,18.79,12.39,0.41,4.72,73.55,13.79,26.31,2.67,3667.25,265
45,SAR-L.1,Preferred,5.8,1.06,2.67,3.1,0.55,0.08,0.07,33.88,0.3,3,17.7,14,879,3.24,1.1,3,150,7.5,110,4,370,10,6.6,1.5,17,11,2,11,2.1,0.3,75,28,1,2090,13.7,42,66,59,578,16,140,,5.1,7,0.87,11.4,5,158,2.1,1.7,0.49,19,1.2,0.94,4.6,131,3.7,57,6.3,420,400,0.72,0.64,2.14,0.23,0.4,0.02,0.08,0.06,2.77,15.1,0.18,<5,268,1.15,0.89,2.62,118,6.37,91.1,1.76,375,4.36,0.17,0.12,0.2,0.24,52.3,13.6,1981,13,6.53,56,700,601,26.7,<0.001,2.13,3.3,1.2,3.8,26.5,<0.01,0.66,13.9,0.28,2.53,72.5,1.38,24.4,429,4.6,561,1.3,1.6,11.28,0.1,1.56,0.02,3.72,3.57,3.45,0.92,0.28,2.02,0.17,72.48,0.02,0.53,0.02,,0.07,1.06,0.4,0.11,0.18,0.95,11.28,,1.56,0.02,3.72,3.57,0.92,0.28,2.02,0.17,72.48,,0.53,0.02,,,,,,,,,,,,,,,,,,,,,,,,,,,,,,,,,,,,,,,,,,,,,,,,,,,,,,,,,,,,,,,,,,,,,,,,,,,,,,,,,,,,,,,,,,,,,,,,,,,,,,,,,,,,,,,,,,,,,,,,,,,,,,,,,,,,,,,,,,,,,,,,,,,,,,,,,,,,,,,,,,,,,,,,,,,,,,,,,,,,5.8,1.06,2.67,3.1,0.55,0.08,0.07,33.88,0.3,3,17.7,14,879,3.24,1.1,3,150,7.5,110,4,370,10,6.6,1.5,17,11,2,11,2.1,0.3,75,28,1,2090,13.7,42,66,59,578,16,140,,5.1,7,0.87,11.4,5,158,2.1,1.7,0.49,19,1.2,0.94,4.6,131,3.7,57,6.3,420,400
46,SAR-L.1,Mean,5.83,1.06,2.63,3.08,0.51,0.08,0.07,>30,0.31,2.93,<30,13.63,893.15,7.74,1.1,2.91,147.73,7.25,100.04,4.11,374.51,10.55,6.49,1.43,17.31,10.5,1.66,11.04,2.16,0.29,69.15,29.53,0.98,2131,14.26,40.29,61.3,57.21,585.59,16.74,140.93,<0.02,5.22,7.4,1.55,11.55,5.18,157.89,2.2,1.74,<1,19.49,1.25,0.98,4.8,128.91,4.03,59.19,6.36,441.6,442,0.83,0.65,2.27,0.26,0.42,0.03,0.07,0.07,2.73,15.26,0.26,6.18,263.53,0.92,1.06,2.76,122.94,6.39,92.87,1.86,374.3,4.62,0.15,0.16,0.18,0.25,56.25,14.19,1977.49,12.56,8.22,52.62,667,569.55,29.22,0.002,2.13,3.48,1.61,3.3,27.22,<0.05,0.5,13.51,0.29,2.53,78.94,0.99,26.65,435.26,5.07,605,<2,2,11.14,0.11,1.46,0.02,3.9,3.67,3.56,0.9,0.29,2.08,0.17,71.79,0.02,0.53,0.02,0.09,0.07,1.05,0.38,0.1,0.18,0.94,10.83,,1.44,0.02,3.79,3.66,0.86,0.28,2.06,0.18,68.69,,0.52,0.02,,,,,,,,,,,,,,,,,,,,,,,,,,,,,,,,,,,,,,,,,,,,,,,,,,,,,,,,,,,,,,,,,,,,,,,,,,,,,,,,,,,,,,,,,,,,,,,,,,,,,,,,,,,,,,,,,,,,,,,,,,,,,,,,,,,,,,,,,,,,,,,,,,,,,,,,,,,,,,,,,,,,,,,,,,,,,,,,,,,,5.83,1.06,2.63,3.08,0.51,0.08,0.07,>30,0.31,2.93,<30,13.63,893.15,7.74,1.1,2.91,147.73,7.25,100.04,4.11,374.51,10.55,6.49,1.43,17.31,10.5,1.66,11.04,2.16,0.29,69.15,29.53,0.98,2131,14.26,40.29,61.3,57.21,585.59,16.74,140.93,<0.02,5.22,7.4,1.55,11.55,5.18,157.89,2.2,1.74,<1,19.49,1.25,0.98,4.8,128.91,4.03,59.19,6.36,441.6,442
47,SAR-L2,Preferred,6.13,0.76,2.54,3.4,0.26,0.03,0.02,34.81,0.37,3.2,16.9,<10,809,<5,0.26,1.2,140,5.41,26,1.14,50.8,9.83,5.98,1.44,17,9.73,1.6,16,2.08,0.47,67.9,11.8,0.93,766,3.66,63,60.3,14.3,183,16.2,120,,21.8,5.6,<5,11.5,3.2,150,3.81,1.58,<0.5,22,0.99,0.92,3.34,35,1.7,54.6,6.1,201,618,,,,,,,,,,,,,,,,,,,,,,,,,,,,,,,,,,,,,,,,,,,,,,,,,,,,200,20,10,11.58,0.09,1.06,<0.01,3.63,4.1,0.94,0.43,0.1,2.66,0.08,74.48,0.02,0.62,0.01,0.06,0.02,0.15,<0.05,0.01,0.33,0.14,11.58,,1.06,<0.01,3.63,4.1,0.43,0.1,2.66,0.08,74.48,,0.62,,,,,,,,,,,,,,,,,,,,,,,,,,,,,,,,,,,,,,,,,,,,,,,,,,,,,,,,,,,,,,,,,,,,,,,,,,,,,,,,,,,,,,,,,,,,,,,,,,,,,,,,,,,,,,,,,,,,,,,,,,,,,,,,,,,,,,,,,,,,,,,,,,,,,,,,,,,,,,,,,,,,,,,,,,,,,,,,,,,,,6.13,0.76,2.54,3.4,0.26,0.03,0.02,34.81,0.37,3.2,16.9,<10,809,<5,0.26,1.2,140,5.41,26,1.14,50.8,9.83,5.98,1.44,17,9.73,1.6,16,2.08,0.47,67.9,11.8,0.93,766,3.66,63,60.3,14.3,183,16.2,120,,21.8,5.6,<5,11.5,3.2,150,3.81,1.58,<0.5,22,0.99,0.92,3.34,35,1.7,54.6,6.1,201,618
48,SAR-L2,Mean,6.13,0.77,2.48,3.51,0.25,0.04,0.02,>30,0.36,3,<30,<10,804.29,<5,0.26,1.13,140.34,5.54,29.25,1.13,53.04,9.92,6.08,1.41,17.56,9.71,1.68,17.42,2.03,0.49,66.39,10.68,0.98,759.66,4.03,66.83,59.06,20.53,180.93,16.39,123.88,<0.2,22.13,5.4,<5,10.97,3.88,161.59,3.62,1.6,<1,22.48,1,0.96,3.7,36.73,1.99,56.12,6.19,200.49,640.45,0.57,0.27,2.01,0.23,0.17,0.07,0.02,0.1,3.19,16.09,0.09,5,97.02,1.41,0.24,1.08,120.36,4.68,12.95,0.53,51.15,3.5,0.15,0.36,0.3,0.43,56.43,7.86,473.36,3.24,8.64,12.63,300,163.14,15.07,0.003,11.74,2.69,1.44,1.52,14.68,0.02,0.33,18.27,0.47,2.08,26.61,0.52,25.15,190.52,10.65,229,19.57,8.13,11.54,0.1,1.07,<0.01,3.69,4.13,1.34,0.45,0.09,2.62,0.08,74.47,0.02,0.63,<0.01,0.06,<0.05,0.14,<0.05,0.01,0.3,0.13,11.19,,1.05,<0.01,3.59,4.02,0.42,0.1,2.63,0.08,73.07,,0.6,,,,,,,,,,,,,,,,,,,,,,,,,,,,,,,,,,,,,,,,,,,,,,,,,,,,,,,,,,,,,,,,,,,,,,,,,,,,,,,,,,,,,,,,,,,,,,,,,,,,,,,,,,,,,,,,,,,,,,,,,,,,,,,,,,,,,,,,,,,,,,,,,,,,,,,,,,,,,,,,,,,,,,,,,,,,,,,,,,,,,6.13,0.77,2.48,3.51,0.25,0.04,0.02,>30,0.36,3,<30,<10,804.29,<5,0.26,1.13,140.34,5.54,29.25,1.13,53.04,9.92,6.08,1.41,17.56,9.71,1.68,17.42,2.03,0.49,66.39,10.68,0.98,759.66,4.03,66.83,59.06,20.53,180.93,16.39,123.88,<0.2,22.13,5.4,<5,10.97,3.88,161.59,3.62,1.6,<1,22.48,1,0.96,3.7,36.73,1.99,56.12,6.19,200.49,640.45
49,SAR-M.1,Preferred,6.09,0.6,3.22,2.92,0.5,0.07,0.13,33.76,0.35,3.1,37,15,764,<5,1.7,4.76,120,11,90,4.8,310,7.5,4.8,1.3,20,8,1.4,9.4,1.6,0.97,57,30,0.7,4800,12,38,47,48,900,12.9,142,,6.3,8,<5,9,3.5,156,2,1.3,1,18,2.8,0.68,4.7,66,11,42,4.9,890,361,,,,,,,,,,,,,,,,,,,,,,,,,,,,,,,,,,,,,,,,,,,,,,,,,,,,450,2,2,11.9,0.09,0.85,0.02,4.31,3.54,2.35,0.83,0.62,1.53,0.16,72.2,0.02,0.63,0.01,,0.13,0.35,0.08,0.02,0.13,0.33,11.88,,0.85,0.02,4.31,3.54,0.83,0.62,1.53,0.16,72.22,,0.63,,,,,,,,,,,,,,,,,,,,,,,,,,,,,,,,,,,,,,,,,,,,,,,,,,,,,,,,,,,,,,,,,,,,,,,,,,,,,,,,,,,,,,,,,,,,,,,,,,,,,,,,,,,,,,,,,,,,,,,,,,,,,,,,,,,,,,,,,,,,,,,,,,,,,,,,,,,,,,,,,,,,,,,,,,,,,,,,,,,,,6.09,0.6,3.22,2.92,0.5,0.07,0.13,33.76,0.35,3.1,37,15,764,<5,1.7,4.76,120,11,90,4.8,310,7.5,4.8,1.3,20,8,1.4,9.4,1.6,0.97,57,30,0.7,4800,12,38,47,48,900,12.9,142,,6.3,8,<5,9,3.5,156,2,1.3,1,18,2.8,0.68,4.7,66,11,42,4.9,890,361
50,SAR-M.1,Mean,6.06,0.6,3.15,3.02,0.47,0.07,0.13,>30,0.37,3.45,38.06,15.06,778.05,<5,1.74,5.12,116.43,10.73,95.19,4.89,315.81,7.54,4.64,1.3,17.64,7.77,1.38,10.36,1.54,1.05,56.59,30.46,0.71,5077,13.65,37.29,47.81,46.4,944.58,13.17,146.97,<0.02,6.58,7.91,<5,8.83,3.61,157.71,2.06,1.26,1.05,19,2.6,0.7,4.69,67.12,11.2,42.5,4.57,904.18,378.91,0.71,0.24,2.45,0.19,0.3,0.02,0.12,0.04,3.53,37.12,0.3,5.1,152.89,0.9,1.76,5,99.28,10.63,79.99,2.31,303.14,5.18,0.25,0.14,0.17,1.01,46.57,11.59,3932.12,12.32,3.97,39.85,567.63,931.79,18.8,0.003,2.93,2.54,0.73,1.78,23.27,0.02,0.87,11.21,1,1.86,23.97,4.23,17.6,875.81,3.5,439,2,2,11.63,0.1,0.82,0.02,4.61,3.61,3.05,0.82,0.68,1.64,0.16,72,0.02,0.64,0.01,,0.13,0.33,0.08,0.02,0.13,0.32,11.28,,0.78,0.02,4.66,3.46,0.81,0.66,1.62,0.16,68.87,,0.62,,,,,,,,,,,,,,,,,,,,,,,,,,,,,,,,,,,,,,,,,,,,,,,,,,,,,,,,,,,,,,,,,,,,,,,,,,,,,,,,,,,,,,,,,,,,,,,,,,,,,,,,,,,,,,,,,,,,,,,,,,,,,,,,,,,,,,,,,,,,,,,,,,,,,,,,,,,,,,,,,,,,,,,,,,,,,,,,,,,,,6.06,0.6,3.15,3.02,0.47,0.07,0.13,>30,0.37,3.45,38.06,15.06,778.05,<5,1.74,5.12,116.43,10.73,95.19,4.89,315.81,7.54,4.64,1.3,17.64,7.77,1.38,10.36,1.54,1.05,56.59,30.46,0.71,5077,13.65,37.29,47.81,46.4,944.58,13.17,146.97,<0.02,6.58,7.91,<5,8.83,3.61,157.71,2.06,1.26,1.05,19,2.6,0.7,4.69,67.12,11.2,42.5,4.57,904.18,378.91
51,SAR-M2,Preferred,6.6,0.6,1.84,4.15,0.3,0.03,0.1,34.33,0.18,15,76,27,990,6.6,1.05,5.1,98.8,12.4,49.6,1.82,236,5.88,3.58,1.44,17.6,6.28,1.5,7.29,1.21,2.1,46.6,17.9,0.54,1340,13.3,26.2,39.4,48.8,808,11,149,,107,<5,2.7,7.18,2.4,144,1.8,0.97,2.1,14.2,2.8,0.54,2.53,25.2,3.5,32.7,3.63,760,259,,,,,,,,,,,,,,,,,,,,,,,,,,,,,,,,,,,,,,,,,,,,,,,,,,,,1200,100,<100,12.47,0.11,0.84,0.01,2.63,5,1.6,0.49,0.13,2.54,0.079,73.45,0.02,0.3,<0.01,0.06,0.1,0.3,0.1,0.03,1.44,,,,,,,,,,,,,,,,,,,,,,,,,,,,,,,,,,,,,,,,,,,,,,,,,,,,,,,,,,,,,,,,,,,,,,,,,,,,,,,,,,,,,,,,,,,,,,,,,,,,,,,,,,,,,,,,,,,,,,,,,,,,,,,,,,,,,,,,,,,,,,,,,,,,,,,,,,,,,,,,,,,,,,,,,,,,,,,,,,,,,,,,,,,,,,,,,,,6.6,0.6,1.84,4.15,0.3,0.03,0.1,34.33,0.18,15,76,27,990,6.6,1.05,5.1,98.8,12.4,49.6,1.82,236,5.88,3.58,1.44,17.6,6.28,1.5,7.29,1.21,2.1,46.6,17.9,0.54,1340,13.3,26.2,39.4,48.8,808,11,149,,107,<5,2.7,7.18,2.4,144,1.8,0.97,2.1,14.2,2.8,0.54,2.53,25.2,3.5,32.7,3.63,760,259
52,SAR-M2,Mean,6.59,0.62,1.78,4.25,0.28,0.04,0.09,>30,0.17,16.89,79.87,27.39,986.72,6.11,1.05,5.17,99.13,13.06,55.45,1.9,243.13,5.95,3.59,1.41,18.86,5.96,1.8,7.66,1.22,2.12,46.46,19.8,0.57,1100,14.63,26.22,38.7,52.95,792.31,10.9,152.76,<0.02,105.85,<5,3.93,6.94,2.75,157.56,1.56,0.98,2.22,14.64,2.89,0.56,2.8,27.04,3.46,33.68,3.61,758.69,269.86,0.62,0.29,1.59,0.25,0.21,0.05,0.1,0.04,16.51,78.71,0.58,12,107.54,4.7,1.05,5.07,87.13,12.15,7.85,0.76,239.83,2.98,0.2,0.19,1.42,2.02,40.25,12.48,924.77,13.01,5.05,46.22,300,776.88,16.56,<0.02,64.96,1.99,3.73,1.16,18.86,<0.05,1.93,11.15,2.01,1.51,14.83,1.11,15.96,780.88,5.45,1191.73,94.07,42,12.4,0.11,0.84,<0.01,2.62,5.02,1.91,0.48,0.12,2.58,0.07,73.21,0.02,0.3,<0.01,0.06,0.1,0.3,0.14,0.04,1.45,,,,,,,,,,,,,,,,,,,,,,,,,,,,,,,,,,,,,,,,,,,,,,,,,,,,,,,,,,,,,,,,,,,,,,,,,,,,,,,,,,,,,,,,,,,,,,,,,,,,,,,,,,,,,,,,,,,,,,,,,,,,,,,,,,,,,,,,,,,,,,,,,,,,,,,,,,,,,,,,,,,,,,,,,,,,,,,,,,,,,,,,,,,,,,,,,,,6.59,0.62,1.78,4.25,0.28,0.04,0.09,>30,0.17,16.89,79.87,27.39,986.72,6.11,1.05,5.17,99.13,13.06,55.45,1.9,243.13,5.95,3.59,1.41,18.86,5.96,1.8,7.66,1.22,2.12,46.46,19.8,0.57,1100,14.63,26.22,38.7,52.95,792.31,10.9,152.76,<0.02,105.85,<5,3.93,6.94,2.75,157.56,1.56,0.98,2.22,14.64,2.89,0.56,2.8,27.04,3.46,33.68,3.61,758.69,269.86
53,SBC-1,Preferred,11.1,2.11,6.79,2.86,1.57,0.16,0.72,22.27,0.51,<1,25.7,77,788,<5,0.7,0.4,108,22.7,109,8.2,31,7.1,3.8,1.98,27,8.5,2,3.7,1.4,<0.2,52.5,163,0.54,1162,2.4,15.3,49.2,82.8,35,12.6,147,,1.01,20,<5,9.6,3.3,178,1.1,1.2,,15.8,0.89,0.56,5.76,220,1.6,36.5,3.64,186,134,,,,,,,,,,,,,,,,,,,,,,,,,,,,,,,,,,,,,,,,,,,,,,,,,,,,,,,21,0.09,2.95,,9.71,3.45,10.2,2.6,0.15,<0.15,0.37,47.6,0.02,0.86,0.04,,0.715,2.08,3.1,0.85,0.08,,,,,,,,,,,,,,,,,,,,,,,,,,,,,,,,,,,,,,,,,,,,,,,,,,,,,,,,,,,,,,,,,,,,,,,,,,,,,,,,,,,,,,,,,,,,,,,,,,,,,,,,,,,,,,,,,,,,,,,,,,,,,,,,,,,,,,,,,,,,,,,,,,,,,,,,,,,,,,,,,,,,,,,,,,,,,,,,,,,,,,,,,,,,,,,,,,,11.1,2.11,6.79,2.86,1.57,0.16,0.72,22.27,0.51,<1,25.7,77,788,<5,0.7,0.4,108,22.7,109,8.2,31,7.1,3.8,1.98,27,8.5,2,3.7,1.4,<0.2,52.5,163,0.54,1162,2.4,15.3,49.2,82.8,35,12.6,147,,1.01,20,<5,9.6,3.3,178,1.1,1.2,,15.8,0.89,0.56,5.76,220,1.6,36.5,3.64,186,134
54,SBC-1,Mean,11,2.08,6.68,2.94,1.5,0.2,0.71,22.28,0.49,<1,30,76,782.9,<5,0.73,0.41,107.9,23.3,106.3,8.63,31.4,7.21,3.82,2.01,28.5,8.57,2,3.9,1.36,<0.2,51.7,172.6,0.6,1120,3.4,15.3,48.8,83.3,38.4,13.1,154,<0.02,1.1,19.4,<5,9.71,4,187.6,1,1.27,<1,16.5,1,0.59,5.97,215.3,1.9,36.4,3.6,194.1,130.7,,,,,,,,,,,,,,,,,,,,,,,,,,,,,,,,,,,,,,,,,,,,,,,,,,,,,,,20.7,0.09,2.91,0.02,9.58,3.41,10.77,2.53,0.15,0.21,0.37,47.3,0.02,0.85,0.04,0.1,0.67,2.02,3.09,0.85,0.09,,,,,,,,,,,,,,,,,,,,,,,,,,,,,,,,,,,,,,,,,,,,,,,,,,,,,,,,,,,,,,,,,,,,,,,,,,,,,,,,,,,,,,,,,,,,,,,,,,,,,,,,,,,,,,,,,,,,,,,,,,,,,,,,,,,,,,,,,,,,,,,,,,,,,,,,,,,,,,,,,,,,,,,,,,,,,,,,,,,,,,,,,,,,,,,,,,,11,2.08,6.68,2.94,1.5,0.2,0.71,22.28,0.49,<1,30,76,782.9,<5,0.73,0.41,107.9,23.3,106.3,8.63,31.4,7.21,3.82,2.01,28.5,8.57,2,3.9,1.36,<0.2,51.7,172.6,0.6,1120,3.4,15.3,48.8,83.3,38.4,13.1,154,<0.02,1.1,19.4,<5,9.71,4,187.6,1,1.27,<1,16.5,1,0.59,5.97,215.3,1.9,36.4,3.6,194.1,130.7
55,SCO-1,Preferred,7.25,1.87,3.59,2.3,1.64,0.09,0.06,29.36,0.38,,12,72,570,1.8,0.37,,62,11,68,,29,,,,15,,,,,,30,45,,410,1.4,11,26,27,31,6.6,110,,,,,,,,,,,,,,,,,,,,,,,,,,,,,,,,,,,,,,,,,,,,,,,,,,,,,,,,,,,,,,,,,,,,,,,,,,,13.6,0.07,2.63,<0.01,5.2,2.73,9.07,2.74,0.05,0.89,0.21,62.3,0.01,0.59,0.03,,0.06,0.97,2.67,0.73,,0.24,,,,,,,,,,,,,,,,,,,,,,,,,,,,,,,,,,,,,,,,,,,,,,,,,,,,,,,,,,,,,,,,,,,,,,,,,,,,,,,,,,,,,,,,,,,,,,,,,,,,,,,,,,,,,,,,,,,,,,,,,,,,,,,,,,,,,,,,,,,,,,,,,,,,,,,,,,,,,,,,,,,,,,,,,,,,,,,,,,,,,,,,,,,,,,,,,,7.25,1.87,3.59,2.3,1.64,0.09,0.06,29.36,0.38,,12,72,570,1.8,0.37,,62,11,68,,29,,,,15,,,,,,30,45,,410,1.4,11,26,27,31,6.6,110,,,,,,,,,,,,,,,,,,,,
56,SCO-1,Mean,7.14,1.86,3.56,2.31,1.6,0.09,0.2,29.32,0.35,1.2,12.6,81,582,<5,0.4,0.23,57,11.6,71,7.87,30.8,4.13,2.35,1.12,17.1,4.77,2,4.8,0.81,<0.2,29.4,44.9,0.35,389,2.5,11.2,25.9,28.4,31.4,6.88,113,<0.02,2.5,12,6,5,3.4,170,0.8,0.71,<0.5,9.45,0.7,0.35,3.13,132,1.4,23.1,2.35,103,169,,,,,,,,,,,,,,,,,,,,,,,,,,,,,,,,,,,,,,,,,,,,,,,,,,,,,,,13.6,0.07,2.55,0.01,5.11,2.7,9.05,2.73,0.05,0.91,0.2,61.8,0.01,0.59,0.02,,0.07,1,2.53,0.69,,0.32,,,,,,,,,,,,,,,,,,,,,,,,,,,,,,,,,,,,,,,,,,,,,,,,,,,,,,,,,,,,,,,,,,,,,,,,,,,,,,,,,,,,,,,,,,,,,,,,,,,,,,,,,,,,,,,,,,,,,,,,,,,,,,,,,,,,,,,,,,,,,,,,,,,,,,,,,,,,,,,,,,,,,,,,,,,,,,,,,,,,,,,,,,,,,,,,,,7.14,1.86,3.56,2.31,1.6,0.09,0.2,29.32,0.35,1.2,12.6,81,582,<5,0.4,0.23,57,11.6,71,7.87,30.8,4.13,2.35,1.12,17.1,4.77,2,4.8,0.81,<0.2,29.4,44.9,0.35,389,2.5,11.2,25.9,28.4,31.4,6.88,113,<0.02,2.5,12,6,5,3.4,170,0.8,0.71,<0.5,9.45,0.7,0.35,3.13,132,1.4,23.1,2.35,103,169
57,SCO-2,Preferred,6.95,2.82,3.25,2.03,1.72,0.08,0.68,28.92,0.34,<1,11.8,<10,580,<5,0.3,0.2,54.5,10.8,68,7.13,23.5,3.9,2.27,1.09,15.7,4.39,1.4,5,0.78,<0.2,28.4,38.2,0.34,333,<2,11.3,25,27.8,20.1,6.6,101,,0.9,11,<5,4.9,1.8,195,0.8,0.68,<0.5,9,0.7,0.34,3.2,117,1.4,23.1,2.21,97,183,,,,,,,,,,,,,,,,,,,,,,,,,,,,,,,,,,,,,,,,,,,,,,,,,,,,,,,13.1,0.06,3.94,0.01,4.64,2.45,10.4,2.85,0.04,1.02,0.18,61.9,0.02,0.57,0.02,,0.68,1.03,2.72,0.74,,0.29,13.13,,3.94,0.01,4.64,2.45,2.85,0.04,1.02,0.18,61.87,,0.57,0.02,,,,,,,,,,,,,,,,,,,,,,,,,,,,,,,,,,,,,,,,,,,,,,,,,,,,,,,,,,,,,,,,,,,,,,,,,,,,,,,,,,,,,,,,,,,,,,,,,,,,,,,,,,,,,,,,,,,,,,,,,,,,,,,,,,,,,,,,,,,,,,,,,,,,,,,,,,,,,,,,,,,,,,,,,,,,,,,,,,,,6.95,2.82,3.25,2.03,1.72,0.08,0.68,28.92,0.34,<1,11.8,<10,580,<5,0.3,0.2,54.5,10.8,68,7.13,23.5,3.9,2.27,1.09,15.7,4.39,1.4,5,0.78,<0.2,28.4,38.2,0.34,333,<2,11.3,25,27.8,20.1,6.6,101,,0.9,11,<5,4.9,1.8,195,0.8,0.68,<0.5,9,0.7,0.34,3.2,117,1.4,23.1,2.21,97,183
58,SCO-2,Mean,6.71,2.68,3.07,1.8,1.62,0.09,0.73,28.01,0.33,<1,<30,<10,544,<5,0.3,0.25,55,11.9,70,7.24,26.4,3.86,2.27,1.03,17.8,4.39,2,5,0.81,<0.2,29,40,0.35,300,<2,11.9,24.5,26.5,23.4,6.37,113,<0.02,1.1,11,,4.65,1.4,191,0.7,0.61,<1,9.01,0.7,0.32,3.52,115,1.9,22.9,2.19,100,180,,,,,,,,,,,,,,,,,,,,,,,,,,,,,,,,,,,,,,,,,,,,,,,,,,,,,,,12.8,0.06,3.86,0.02,4.55,2.4,10.4,2.8,0.03,0.98,0.17,60.4,0.02,0.55,0.02,0.07,0.71,0.99,2.72,0.74,,0.25,12.79,,3.78,0.01,4.53,2.44,2.73,0.04,0.97,0.18,61.87,,0.55,0.02,,,,,,,,,,,,,,,,,,,,,,,,,,,,,,,,,,,,,,,,,,,,,,,,,,,,,,,,,,,,,,,,,,,,,,,,,,,,,,,,,,,,,,,,,,,,,,,,,,,,,,,,,,,,,,,,,,,,,,,,,,,,,,,,,,,,,,,,,,,,,,,,,,,,,,,,,,,,,,,,,,,,,,,,,,,,,,,,,,,,6.71,2.68,3.07,1.8,1.62,0.09,0.73,28.01,0.33,<1,<30,<10,544,<5,0.3,0.25,55,11.9,70,7.24,26.4,3.86,2.27,1.03,17.8,4.39,2,5,0.81,<0.2,29,40,0.35,300,<2,11.9,24.5,26.5,23.4,6.37,113,<0.02,1.1,11,,4.65,1.4,191,0.7,0.61,<1,9.01,0.7,0.32,3.52,115,1.9,22.9,2.19,100,180
59,SDC-1,Preferred,8.36,1,4.42,2.72,1.02,0.07,,30.75,0.61,,0.22,13,630,3,,,93,18,64,4,30,6.7,4.1,1.7,21,7,,8.3,1.5,,42,34,,880,,21,40,38,25,,127,,0.54,17,,8.2,3,180,1.2,1.2,,12,0.7,0.65,3.1,102,0.8,,4,103,290,,,,,,,,,,,,,,,,,,,,,,,,,,,,,,,,,,,,,,,,,,,,,,,,,,,,,,,15.8,0.07,1.4,0.01,6.32,3.28,,1.69,0.11,2.05,0.16,65.8,0.02,1.01,0.02,,,,,,,,,,,,,,,,,,,,,,,,,,,,,,,,,,,,,,,,,,,,,,,,,,,,,,,,,,,,,,,,,,,,,,,,,,,,,,,,,,,,,,,,,,,,,,,,,,,,,,,,,,,,,,,,,,,,,,,,,,,,,,,,,,,,,,,,,,,,,,,,,,,,,,,,,,,,,,,,,,,,,,,,,,,,,,,,,,,,,,,,,,,,,,,,,,,,,,,,,8.36,1,4.42,2.72,1.02,0.07,,30.75,0.61,,0.22,13,630,3,,,93,18,64,4,30,6.7,4.1,1.7,21,7,,8.3,1.5,,42,34,,880,,21,40,38,25,,127,,0.54,17,,8.2,3,180,1.2,1.2,,12,0.7,0.65,3.1,102,0.8,,4,103,290
60,SDC-1,Mean,8.2,1.05,4.82,2.8,1.01,0.07,0.06,>30,0.59,1,<5,41,658.5,<5,0.3,<0.2,86.75,18.1,67,4.15,32,6.67,4.26,1.66,24.5,7.31,2,8.5,1.42,<0.2,41.6,40.5,0.69,918.5,<2,17,42.45,40.5,24,11.19,126.5,<0.02,0.55,15,<5,8.15,3.5,186,1.1,1.1,0.5,11.75,0.6,0.65,2.88,98,1,36.95,4.2,107,294,,,,,,,,,,,,,,,,,,,,,,,,,,,,,,,,,,,,,,,,,,,,,,,,,,,,,,,15.7,0.08,1.41,0.01,6.9,3.26,1.74,1.69,0.12,2.02,0.14,65.82,0.01,1,0.02,,,,,,,,,,,,,,,,,,,,,,,,,,,,,,,,,,,,,,,,,,,,,,,,,,,,,,,,,,,,,,,,,,,,,,,,,,,,,,,,,,,,,,,,,,,,,,,,,,,,,,,,,,,,,,,,,,,,,,,,,,,,,,,,,,,,,,,,,,,,,,,,,,,,,,,,,,,,,,,,,,,,,,,,,,,,,,,,,,,,,,,,,,,,,,,,,,,,,,,,,8.2,1.05,4.82,2.8,1.01,0.07,0.06,>30,0.59,1,<5,41,658.5,<5,0.3,<0.2,86.75,18.1,67,4.15,32,6.67,4.26,1.66,24.5,7.31,2,8.5,1.42,<0.2,41.6,40.5,0.69,918.5,<2,17,42.45,40.5,24,11.19,126.5,<0.02,0.55,15,<5,8.15,3.5,186,1.1,1.1,0.5,11.75,0.6,0.65,2.88,98,1,36.95,4.2,107,294
61,SDO-1,Preferred,6.49,0.75,6.53,2.78,0.93,0.03,5.35,23.04,0.43,,68.5,128,397,3.3,,,79.3,46.8,66,6.9,60.2,6,3.6,1.6,16.8,7.4,,4.7,1.2,,38.5,28.6,0.54,325,134,11.4,36.6,99.5,27.9,8.9,126,,,13,,7.7,3.7,75,1.1,1.2,,10.5,,0.45,48.8,160,,40.6,3.4,64,165,,,,,,,,,,,,,,,,,,,,,,,,,,,,,,,,,,,,,,,,,,,,,,,,,,,,,,,12.3,0.04,1.05,0.01,9.34,3.35,,1.54,0.04,0.38,0.11,49.3,0.01,0.71,0.03,,,,,,,,,,,,,,,,,,,,,,,,,,,,,,,,,,,,,,,,,,,,,,,,,,,,,,,,,,,,,,,,,,,,,,,,,,,,,,,,,,,,,,,,,,,,,,,,,,,,,,,,,,,,,,,,,,,,,,,,,,,,,,,,,,,,,,,,,,,,,,,,,,,,,,,,,,,,,,,,,,,,,,,,,,,,,,,,,,,,,,,,,,,,,,,,,,,,,,,,,6.49,0.75,6.53,2.78,0.93,0.03,5.35,23.04,0.43,,68.5,128,397,3.3,,,79.3,46.8,66,6.9,60.2,6,3.6,1.6,16.8,7.4,,4.7,1.2,,38.5,28.6,0.54,325,134,11.4,36.6,99.5,27.9,8.9,126,,,13,,7.7,3.7,75,1.1,1.2,,10.5,,0.45,48.8,160,,40.6,3.4,64,165
62,SDO-1,Mean,6.19,0.76,6.28,2.7,0.87,0.05,2.68,22.29,0.4,1,65.8,115,389,<5,0.31,0.37,72,46.4,63,6.32,56,6.66,3.7,1.55,16.7,7.6,2,4.6,1.31,<0.2,35.6,31.4,0.5,299,151,11.8,35,91.7,27.1,8.92,121,0.08,4.4,12,8,7.27,2.9,77,0.8,1.13,0.7,9.67,5.8,0.53,45.4,157,1.6,39.6,3.43,60,163,,,,,,,,,,,,,,,,,,,,,,,,,,,,,,,,,,,,,,,,,,,,,,,,,,,,,,,12,0.05,1.04,0.02,9.18,3.23,22.5,1.51,0.04,0.34,0.1,48,0.01,0.68,0.03,,,,,,,,,,,,,,,,,,,,,,,,,,,,,,,,,,,,,,,,,,,,,,,,,,,,,,,,,,,,,,,,,,,,,,,,,,,,,,,,,,,,,,,,,,,,,,,,,,,,,,,,,,,,,,,,,,,,,,,,,,,,,,,,,,,,,,,,,,,,,,,,,,,,,,,,,,,,,,,,,,,,,,,,,,,,,,,,,,,,,,,,,,,,,,,,,,,,,,,,,6.19,0.76,6.28,2.7,0.87,0.05,2.68,22.29,0.4,1,65.8,115,389,<5,0.31,0.37,72,46.4,63,6.32,56,6.66,3.7,1.55,16.7,7.6,2,4.6,1.31,<0.2,35.6,31.4,0.5,299,151,11.8,35,91.7,27.1,8.92,121,0.08,4.4,12,8,7.27,2.9,77,0.8,1.13,0.7,9.67,5.8,0.53,45.4,157,1.6,39.6,3.43,60,163
63,SGR-1,Preferred,3.45,5.99,2.12,1.38,2.68,0.14,1.53,13.18,0.15,<1,67,54,290,<5,0.8,0.9,36,12,30,5.2,66,1.9,1.1,0.56,12,2,2,1.4,0.4,<0.2,20,147,0.15,267,35,5.2,16,29,38,3.87,79.6,,3.4,<5,3.5,2.7,1.9,420,<0.5,0.29,<0.5,4.8,0.57,0.17,5.4,130,2.6,13,0.94,74,53,,,,,,,,,,,,,,,,,,,,,,,,,,,,,,,,,,,,,,,,,,,,,,,,,,,,,,,6.52,0.03,8.38,<0.01,3.03,1.66,42.98,4.44,0.03,2.99,0.33,28.2,0.05,0.25,0.02,0.2,1.53,,11.58,3.16,0.3,24.8,6.52,,8.38,<0.01,3.03,1.66,4.44,0.03,2.99,0.33,28.2,,0.25,0.01,,,,,,,,,,,,,,,,,,,,,,,,,,,,,,,,,,,,,,,,,,,,,,,,,,,,,,,,,,,,,,,,,,,,,,,,,,,,,,,,,,,,,,,,,,,,,,,,,,,,,,,,,,,,,,,,,,,,,,,,,,,,,,,,,,,,,,,,,,,,,,,,,,,,,,,,,,,,,,,,,,,,,,,,,,,,,,,,,,,,3.45,5.99,2.12,1.38,2.68,0.14,1.53,13.18,0.15,<1,67,54,290,<5,0.8,0.9,36,12,30,5.2,66,1.9,1.1,0.56,12,2,2,1.4,0.4,<0.2,20,147,0.15,267,35,5.2,16,29,38,3.87,79.6,,3.4,<5,3.5,2.7,1.9,420,<0.5,0.29,<0.5,4.8,0.57,0.17,5.4,130,2.6,13,0.94,74,53
64,SGR-1,Mean,3.42,5.69,2.04,1.37,2.56,0.12,1.53,13.12,0.14,<1,61.9,52.1,270.84,<5,0.83,1.03,33.42,11.62,31.29,5.16,66.61,1.72,0.96,0.46,8.58,1.99,1.9,1.06,0.33,<0.2,18.07,132.74,0.15,238,35.42,5.74,13.84,32.26,43.55,3.94,81.1,0.03,3.52,<5,<5,2.44,2,383,<0.5,0.29,<1,4.72,0.57,0.15,5.25,120.19,2.94,9.62,0.94,75.23,42.25,,,,,,,,,,,,,,,,,,,,,,,,,,,,,,,,,,,,,,,,,,,,,,,,,,,,,,,6.41,0.03,8.15,<0.01,2.86,1.6,42.06,4.33,0.04,2.99,0.29,28.28,0.04,0.24,0.03,0.15,1.5,,9.18,2.51,0.2,27.21,6.42,,8.24,<0.01,2.95,1.6,4.34,0.03,3,0.27,28.2,,0.24,0.02,,,,,,,,,,,,,,,,,,,,,,,,,,,,,,,,,,,,,,,,,,,,,,,,,,,,,,,,,,,,,,,,,,,,,,,,,,,,,,,,,,,,,,,,,,,,,,,,,,,,,,,,,,,,,,,,,,,,,,,,,,,,,,,,,,,,,,,,,,,,,,,,,,,,,,,,,,,,,,,,,,,,,,,,,,,,,,,,,,,,3.42,5.69,2.04,1.37,2.56,0.12,1.53,13.12,0.14,<1,61.9,52.1,270.84,<5,0.83,1.03,33.42,11.62,31.29,5.16,66.61,1.72,0.96,0.46,8.58,1.99,1.9,1.06,0.33,<0.2,18.07,132.74,0.15,238,35.42,5.74,13.84,32.26,43.55,3.94,81.1,0.03,3.52,<5,<5,2.44,2,383,<0.5,0.29,<1,4.72,0.57,0.15,5.25,120.19,2.94,9.62,0.94,75.23,42.25
65,ShBOQ-1,Preferred,2.12,23.6,1.13,0.28,0.25,0.04,,11.75,0.1,,15.1,,73,<5,0.24,2.02,24.8,6.35,29.65,3.1,33.8,1.67,0.97,0.45,6.28,1.95,,1.2,0.34,,13.5,24.1,0.15,86,47.8,5.6,11,74.9,6.05,2.94,17,,3.3,<5,,2.1,,1017,<0.5,0.29,,2.74,2.7,0.15,9,419,,9.6,0.98,98,53,,,,,,,,,,,,,,,,,,,,,,,,,,,,,,,,,,,,,,,,,,,,,,,,,,,,,,,4,,32.95,,1.61,0.34,31.6,0.42,0.01,,0.1,25.1,0.02,0.18,,,1.7,11.91,,,,,,,,,,,,,,,,,,,,,,,,,,,,,,,,,,,,,,,,,,,,,,,,,,,,,,,,,,,,,,,,,,,,,,,,,,,,,,,,,,,,,,,,,,,,,,,,,,,,,,,,,,,,,,,,,,,,,,,,,,,,,,,,,,,,,,,,,,,,,,,,,,,,,,,,,,,,,,,,,,,,,,,,,,,,,,,,,,,,,,,,,,,,,,,,,,,,,,2.12,23.6,1.13,0.28,0.25,0.04,,11.75,0.1,,15.1,,73,<5,0.24,2.02,24.8,6.35,29.65,3.1,33.8,1.67,0.97,0.45,6.28,1.95,,1.2,0.34,,13.5,24.1,0.15,86,47.8,5.6,11,74.9,6.05,2.94,17,,3.3,<5,,2.1,,1017,<0.5,0.29,,2.74,2.7,0.15,9,419,,9.6,0.98,98,53
66,ShBOQ-1,Mean,2.12,22.89,1.13,0.32,0.24,0.04,1.78,11.87,0.1,<1,15.53,24.44,73.79,<5,0.24,2.12,24.31,6.17,32.38,3.24,35.47,1.66,0.97,0.46,6.24,1.93,2,1,0.33,<0.2,13.28,25.94,0.15,93.74,48.24,5.68,11.06,84.91,6.68,2.95,16.89,0.14,3.22,8,5.85,2.07,1.13,1053.79,0.8,0.28,0.08,2.71,2.98,0.14,9.11,430.5,1,9.16,0.96,105.29,48.93,,,,,,,,,,,,,,,,,,,,,,,,,,,,,,,,,,,,,,,,,,,,,,,,,,,,,,,3.99,0.02,32.83,<0.01,1.61,0.31,31.76,0.41,0.01,0.05,0.1,25.31,0.12,0.17,0.08,,1.81,12.48,,,,,,,,,,,,,,,,,,,,,,,,,,,,,,,,,,,,,,,,,,,,,,,,,,,,,,,,,,,,,,,,,,,,,,,,,,,,,,,,,,,,,,,,,,,,,,,,,,,,,,,,,,,,,,,,,,,,,,,,,,,,,,,,,,,,,,,,,,,,,,,,,,,,,,,,,,,,,,,,,,,,,,,,,,,,,,,,,,,,,,,,,,,,,,,,,,,,,,2.12,22.89,1.13,0.32,0.24,0.04,1.78,11.87,0.1,<1,15.53,24.44,73.79,<5,0.24,2.12,24.31,6.17,32.38,3.24,35.47,1.66,0.97,0.46,6.24,1.93,2,1,0.33,<0.2,13.28,25.94,0.15,93.74,48.24,5.68,11.06,84.91,6.68,2.95,16.89,0.14,3.22,8,5.85,2.07,1.13,1053.79,0.8,0.28,0.08,2.71,2.98,0.14,9.11,430.5,1,9.16,0.96,105.29,48.93
67,ShMAR-1,Preferred,8.11,1.22,6.63,3.25,1.19,0.04,4.89,23.14,0.35,<1,46.4,238,497,<5,0.49,0.4,66.3,43.3,96,9.78,177,5.22,3.11,1.21,23.1,5.57,2,4,1.08,<0.2,33.8,63.6,0.41,200,154,8.8,28.2,197,52.2,8.23,164,,4.6,17,6.3,5.55,2.1,87,0.8,0.83,<0.5,10.1,10.6,0.48,27,219,<1,26.7,3.24,55,144,,,,,,,,,,,,,,,,,,,,,,,,,,,,,,,,,,,,,,,,,,,,,,,,,,,,,,,15.2,0.06,1.66,0.01,9.5,3.83,15.7,2.05,0.03,0.34,0.09,50.4,<0.01,0.6,0.04,,5.84,,,,,,15.17,,1.66,0.01,9.5,3.83,2.05,0.03,0.34,0.09,50.42,,0.6,0.04,,,,,,,,,,,,,,,,,,,,,,,,,,,,,,,,,,,,,,,,,,,,,,,,,,,,,,,,,,,,,,,,,,,,,,,,,,,,,,,,,,,,,,,,,,,,,,,,,,,,,,,,,,,,,,,,,,,,,,,,,,,,,,,,,,,,,,,,,,,,,,,,,,,,,,,,,,,,,,,,,,,,,,,,,,,,,,,,,,,,8.11,1.22,6.63,3.25,1.19,0.04,4.89,23.14,0.35,<1,46.4,238,497,<5,0.49,0.4,66.3,43.3,96,9.78,177,5.22,3.11,1.21,23.1,5.57,2,4,1.08,<0.2,33.8,63.6,0.41,200,154,8.8,28.2,197,52.2,8.23,164,,4.6,17,6.3,5.55,2.1,87,0.8,0.83,<0.5,10.1,10.6,0.48,27,219,<1,26.7,3.24,55,144
68,ShMAR-1,Mean,7.88,1.2,6.73,3.24,1.21,0.04,5.15,23.85,0.35,1,44.71,280.1,471.1,<5,0.45,0.24,66.13,39.66,92.71,9.29,177.76,5.1,3.1,1.27,22.19,5.52,2,4,1.04,<0.2,34.49,67.33,0.45,211.67,150.52,9.95,31.41,197.48,53.57,8.23,156.71,0.08,4.39,16.62,5.86,6.13,2.43,85.57,0.68,0.83,<0.5,9.84,9.77,0.45,25.86,228.05,1.57,26.48,2.97,57.76,130.33,,,,,,,,,,,,,,,,,,,,,,,,,,,,,,,,,,,,,,,,,,,,,,,,,,,,,,,15.15,0.06,1.67,0.01,9.48,3.82,16,2.05,0.03,0.35,0.08,49.9,0.01,0.59,0.04,,5.45,,,,,,14.37,,2.82,0.01,7.25,3.03,2.44,0.04,0.68,0.15,55.17,,0.57,0.03,,,,,,,,,,,,,,,,,,,,,,,,,,,,,,,,,,,,,,,,,,,,,,,,,,,,,,,,,,,,,,,,,,,,,,,,,,,,,,,,,,,,,,,,,,,,,,,,,,,,,,,,,,,,,,,,,,,,,,,,,,,,,,,,,,,,,,,,,,,,,,,,,,,,,,,,,,,,,,,,,,,,,,,,,,,,,,,,,,,,7.88,1.2,6.73,3.24,1.21,0.04,5.15,23.85,0.35,1,44.71,280.1,471.1,<5,0.45,0.24,66.13,39.66,92.71,9.29,177.76,5.1,3.1,1.27,22.19,5.52,2,4,1.04,<0.2,34.49,67.33,0.45,211.67,150.52,9.95,31.41,197.48,53.57,8.23,156.71,0.08,4.39,16.62,5.86,6.13,2.43,85.57,0.68,0.83,<0.5,9.84,9.77,0.45,25.86,228.05,1.57,26.48,2.97,57.76,130.33
69,ShMCO-1,Preferred,,,,,,,,,,,,,,,,,,,,,,,,,,,,,,,,,,,,,,,,,,,,,,,,,,,,,,,,,,,,,,,,,,,,,,,,,,,,,,,,,,,,,,,,,,,,,,,,,,,,,,,,,,,,,,,,,,,,,,,,,,,,,,,,,,,,,,,,,,14.09,,2.38,0.01,5.41,2.03,1.57,0.01,0.86,0.23,52.9,,0.56,0.03,,,,,,,,,,,,,,,,,,,,,,,,,,,,,,,,,,,,,,,,,,,,,,,,,,,,,,,,,,,,,,,,,,,,,,,,,,,,,,,,,,,,,,,,,,,,,,,,,,,,,,,,,,,,,,,,,,,,,,,,,,,,,,,,,,,,,,,,,,,,,,,,,,,,,,,,,,,,,,,,,,,,,,,,,,,,,,,,,,,,,,,,,,,,,,,,,,,,,,,,,,,,,,,,,,,,,,,,,,,,,,,,,,,,,,,,,,,,,,,,
70,ShMCO-1,Mean,7.35,1.73,3.73,1.75,0.94,0.1,2.66,24.46,0.33,1,14,99.55,287.73,<5,0.54,1.47,72.76,12.18,60,8.05,39.91,5.02,2.87,1.28,17.73,5.82,1,5,1,<0.2,36.03,58.55,0.43,118.36,29.64,16.18,33.19,55.36,24.36,8.75,97.51,0.04,0.95,10,3.55,6.32,1.91,139.27,1.23,0.86,0.11,13.79,2.22,0.42,7.85,160.45,1.91,27.29,2.83,141.73,169.45,,,,,,,,,,,,,,,,,,,,,,,,,,,,,,,,,,,,,,,,,,,,,,,,,,,,,,,13.99,0.04,2.37,0.01,5.59,2.02,19.4,1.56,0.01,0.85,0.23,52.59,0.02,0.56,0.03,,2.59,3.09,,,,,13.73,,2.46,<0.01,5.38,2.16,1.59,0.01,0.87,0.23,51.62,,0.55,0.03,,,,,,,,,,,,,,,,,,,,,,,,,,,,,,,,,,,,,,,,,,,,,,,,,,,,,,,,,,,,,,,,,,,,,,,,,,,,,,,,,,,,,,,,,,,,,,,,,,,,,,,,,,,,,,,,,,,,,,,,,,,,,,,,,,,,,,,,,,,,,,,,,,,,,,,,,,,,,,,,,,,,,,,,,,,,,,,,,,,,7.35,1.73,3.73,1.75,0.94,0.1,2.66,24.46,0.33,1,14,99.55,287.73,<5,0.54,1.47,72.76,12.18,60,8.05,39.91,5.02,2.87,1.28,17.73,5.82,1,5,1,<0.2,36.03,58.55,0.43,118.36,29.64,16.18,33.19,55.36,24.36,8.75,97.51,0.04,0.95,10,3.55,6.32,1.91,139.27,1.23,0.86,0.11,13.79,2.22,0.42,7.85,160.45,1.91,27.29,2.83,141.73,169.45
71,ShWFD-1,Preferred,,,,,,,,,,,,,,,,,,,,,,,,,,,,,,,,,,,,,,,,,,,,,,,,,,,,,,,,,,,,,,,,,,,,,,,,,,,,,,,,,,,,,,,,,,,,,,,,,,,,,,,,,,,,,,,,,,,,,,,,,,,,,,,,,,,,,,,,,,,,,,,,,,,,,,,,,,,,,,,,,,,,,,,,,,,,,,,,,,,,,,,,,,,,,,,,,,,,,,,,,,,,,,,,,,,,,,,,,,,,,,,,,,,,,,,,,,,,,,,,,,,,,,,,,,,,,,,,,,,,,,,,,,,,,,,,,,,,,,,,,,,,,,,,,,,,,,,,,,,,,,,,,,,,,,,,,,,,,,,,,,,,,,,,,,,,,,,,,,,,,,,,,,,,,,,,,,,,,,,,,,,,,,,,,,,,,,,,,,,,,,,,,,,,,,,
72,ShWFD-1,Mean,2.05,0.45,1.05,0.75,0.25,0.18,1.2,>30,0.11,<1,27.66,66,1052,<5,0.15,8.2,19.75,3.4,44,3.55,58.5,2.55,1.47,0.56,5.5,2.77,2,1,0.52,<0.2,13.35,15.52,0.26,35,116,3.5,12.9,80.5,12,3.33,44.85,,24.25,<5,14.8,2.6,1.5,146,<0.5,0.42,<1,2.85,3.2,0.24,32.2,1506.5,<1,18.6,1.35,326,45.2,,,,,,,,,,,,,,,,,,,,,,,,,,,,,,,,,,,,,,,,,,,,,,,,,,,,,,,3.84,0.13,1.02,<0.01,1.45,0.84,14.4,0.69,0.01,0.07,0.41,77.55,0.02,0.19,0.28,0.07,1.13,8.13,0.2,0.05,0.24,8.08,,,,,,,,,,,,,,,,,,,,,,,,,,,,,,,,,,,,,,,,,,,,,,,,,,,,,,,,,,,,,,,,,,,,,,,,,,,,,,,,,,,,,,,,,,,,,,,,,,,,,,,,,,,,,,,,,,,,,,,,,,,,,,,,,,,,,,,,,,,,,,,,,,,,,,,,,,,,,,,,,,,,,,,,,,,,,,,,,,,,,,,,,,,,,,,,,,2.05,0.45,1.05,0.75,0.25,0.18,1.2,>30,0.11,<1,27.66,66,1052,<5,0.15,8.2,19.75,3.4,44,3.55,58.5,2.55,1.47,0.56,5.5,2.77,2,1,0.52,<0.2,13.35,15.52,0.26,35,116,3.5,12.9,80.5,12,3.33,44.85,,24.25,<5,14.8,2.6,1.5,146,<0.5,0.42,<1,2.85,3.2,0.24,32.2,1506.5,<1,18.6,1.35,326,45.2
73,SONE-1,Preferred,6.5,0.67,2.93,2.03,0.65,0.06,0.02,31.68,0.41,<1,10.5,52,699,<5,0.27,0.44,73.8,11.5,70,4.2,23,5.26,3.39,1.26,13.9,5.87,2,11,1.09,<0.2,38.3,26.8,0.49,542,<2,14.4,32.8,30.6,24.1,8.63,93,,1.4,9,0.5,6.32,1.9,125,1,0.93,,11.6,0.7,0.48,3.55,108,2,30.6,3.27,81,400,,,,,,,,,,,,,,,,,,,,,,,,,,,,,,,,,,,,,,,,,,,,,,,,,,,,,,,12.3,0.08,0.94,<0.01,4.19,2.44,9.51,1.07,0.07,1.08,0.13,67.8,0.01,0.68,0.02,,,1.85,0.03,0.01,0.03,,12.29,,0.94,<0.01,4.19,2.44,1.07,0.07,1.08,0.001,67.77,,0.68,,,,,,,,,,,,,,,,,,,,,,,,,,,,,,,,,,,,,,,,,,,,,,,,,,,,,,,,,,,,,,,,,,,,,,,,,,,,,,,,,,,,,,,,,,,,,,,,,,,,,,,,,,,,,,,,,,,,,,,,,,,,,,,,,,,,,,,,,,,,,,,,,,,,,,,,,,,,,,,,,,,,,,,,,,,,,,,,,,,,,6.5,0.67,2.93,2.03,0.65,0.06,0.02,31.68,0.41,<1,10.5,52,699,<5,0.27,0.44,73.8,11.5,70,4.2,23,5.26,3.39,1.26,13.9,5.87,2,11,1.09,<0.2,38.3,26.8,0.49,542,<2,14.4,32.8,30.6,24.1,8.63,93,,1.4,9,0.5,6.32,1.9,125,1,0.93,,11.6,0.7,0.48,3.55,108,2,30.6,3.27,81,400
74,SONE-1,Mean,6.27,0.65,2.84,1.94,0.6,0.05,0.02,>30,0.39,<1,<30,52,725,<5,0.29,0.47,76.3,12.4,69,4.61,22.8,5.34,3.25,1.26,15.1,5.75,1.7,11.43,1.09,0.3,38.5,29.3,0.53,613,<2,14.8,33.5,33,23.4,9.01,94,<0.02,1.6,8.4,<1,6.36,2.1,134,1,0.89,<0.5,12.5,0.7,0.51,3.73,105,1.8,31.5,3.36,80,419,,,,,,,,,,,,,,,,,,,,,,,,,,,,,,,,,,,,,,,,,,,,,,,,,,,,,,,12.2,0.09,0.89,<0.01,4.2,2.31,9.92,1.07,0.08,1.02,0.12,67.8,<0.01,0.68,0.02,,,1.85,<0.05,0.01,0.03,,11.64,,0.88,0.01,4.06,2.24,1.01,0.08,0.98,0.002,66.73,,0.65,,,,,,,,,,,,,,,,,,,,,,,,,,,,,,,,,,,,,,,,,,,,,,,,,,,,,,,,,,,,,,,,,,,,,,,,,,,,,,,,,,,,,,,,,,,,,,,,,,,,,,,,,,,,,,,,,,,,,,,,,,,,,,,,,,,,,,,,,,,,,,,,,,,,,,,,,,,,,,,,,,,,,,,,,,,,,,,,,,,,,6.27,0.65,2.84,1.94,0.6,0.05,0.02,>30,0.39,<1,<30,52,725,<5,0.29,0.47,76.3,12.4,69,4.61,22.8,5.34,3.25,1.26,15.1,5.75,1.7,11.43,1.09,0.3,38.5,29.3,0.53,613,<2,14.8,33.5,33,23.4,9.01,94,<0.02,1.6,8.4,<1,6.36,2.1,134,1,0.89,<0.5,12.5,0.7,0.51,3.73,105,1.8,31.5,3.36,80,419
75,SRM 2709,Preferred,7.5,1.89,3.5,2.03,1.51,0.06,0.09,29.66,0.34,0.41,17.7,,968,,,0.38,42,13.4,130,5.3,34.6,3.5,,0.9,14,,,3.7,0.54,,23,,,538,2,,19,88,18.9,,96,,7.9,12,1.6,3.8,,231,,,<0.5,11,0.74,,3,112,2,18,1.6,106,160,,,,,,,,,,,,,,,,,,,,,,,,,,,,,,,,,,,,,,,,,,,,,,,,,,,,,,,14.2,0.11,2.64,0.02,5,2.45,,2.5,0.07,1.56,0.14,63.5,0.03,0.57,0.02,,0.09,1.2,0.95,0.26,1.4,,,,,,,,,,,,,,,,,,,,,,,,,,,,,,,,,,,,,,,,,,,,,,,,,,,,,,,,,,,,,,,,,,,,,,,,,,,,,,,,,,,,,,,,,,,,,,,,,,,,,,,,,,,,,,,,,,,,,,,,,,,,,,,,,,,,,,,,,,,,,,,,,,,,,,,,,,,,,,,,,,,,,,,,,,,,,,,,,,,,,,,,,,,,,,,,,,,7.5,1.89,3.5,2.03,1.51,0.06,0.09,29.66,0.34,0.41,17.7,,968,,,0.38,42,13.4,130,5.3,34.6,3.5,,0.9,14,,,3.7,0.54,,23,,,538,2,,19,88,18.9,,96,,7.9,12,1.6,3.8,,231,,,<0.5,11,0.74,,3,112,2,18,1.6,106,160
76,SRM 2709,Mean,7.16,1.88,3.36,2.07,1.43,0.06,0.06,29.7,0.32,<1,<30,70.5,924.36,6,0.32,0.4,42.66,12.87,127.64,5.43,33.36,2.94,1.75,0.79,16,3.21,1.91,3.91,0.59,<0.2,21.65,54.36,0.29,551,3,8.55,18.42,79.45,18.36,4.85,91.84,,6.86,10.82,<5,3.53,1.67,229.45,0.67,0.5,<0.5,10.52,0.68,0.27,3.19,107.55,2.91,16.86,1.75,96.18,139,,,,,,,,,,,,,,,,,,,,,,,,,,,,,,,,,,,,,,,,,,,,,,,,,,,,,,,13.9,0.1,2.65,0.02,4.94,2.37,9.55,2.52,0.07,1.53,0.14,61.3,0.02,0.55,0.02,,0.1,1.06,0.93,0.26,1.38,,,,,,,,,,,,,,,,,,,,,,,,,,,,,,,,,,,,,,,,,,,,,,,,,,,,,,,,,,,,,,,,,,,,,,,,,,,,,,,,,,,,,,,,,,,,,,,,,,,,,,,,,,,,,,,,,,,,,,,,,,,,,,,,,,,,,,,,,,,,,,,,,,,,,,,,,,,,,,,,,,,,,,,,,,,,,,,,,,,,,,,,,,,,,,,,,,,7.16,1.88,3.36,2.07,1.43,0.06,0.06,29.7,0.32,<1,<30,70.5,924.36,6,0.32,0.4,42.66,12.87,127.64,5.43,33.36,2.94,1.75,0.79,16,3.21,1.91,3.91,0.59,<0.2,21.65,54.36,0.29,551,3,8.55,18.42,79.45,18.36,4.85,91.84,,6.86,10.82,<5,3.53,1.67,229.45,0.67,0.5,<0.5,10.52,0.68,0.27,3.19,107.55,2.91,16.86,1.75,96.18,139
77,SRM 2710,Preferred,6.44,1.25,3.38,2.11,1.01,0.11,0.24,28.97,0.28,35.3,626,,707,,,,57,10,,107,2950,5.4,,1,34,,,3.2,0.6,5.1,34,,,,,,,14.3,5532,,120,,38.4,8.7,,7.8,,330,,,,13,1.3,,25,76.6,93,23,1.3,6952,,,,,,,,,,,,,,,,,,,,,,,,,,,,,,,,,,,,,,,,,,,,,,,,,,,,,,,,12.17,0.08,1.75,0.01,4.83,2.54,,1.46,1.32,1.54,0.24,61.98,0.04,0.47,0.01,,0.24,,,,,,,,,,,,,,,,,,,,,,,,,,,,,,,,,,,,,,,,,,,,,,,,,,,,,,,,,,,,,,,,,,,,,,,,,,,,,,,,,,,,,,,,,,,,,,,,,,,,,,,,,,,,,,,,,,,,,,,,,,,,,,,,,,,,,,,,,,,,,,,,,,,,,,,,,,,,,,,,,,,,,,,,,,,,,,,,,,,,,,,,,,,,,,,,,,,,,,,6.44,1.25,3.38,2.11,1.01,0.11,0.24,28.97,0.28,35.3,626,,707,,,,57,10,,107,2950,5.4,,1,34,,,3.2,0.6,5.1,34,,,,,,,14.3,5532,,120,,38.4,8.7,,7.8,,330,,,,13,1.3,,25,76.6,93,23,1.3,6952,
78,SRM 2710,Mean,6.21,1.24,3.34,2.09,0.83,0.1,0.22,28.15,0.27,33.8,598.4,24.4,684.33,<5,22.66,21.59,58.52,9.41,31.4,112.07,2783.33,3.8,2.26,1.02,38.16,4.38,13.4,3.87,0.79,4.55,29.84,39.87,0.35,10208,18.67,11.25,24.81,14.27,5134.67,6.81,129.87,0.03,37.38,9.07,<5,4.65,7.53,326.2,0.72,0.65,4.22,14.29,1.28,0.34,25.77,71.73,93.87,21.68,2.38,6838.67,133.4,,,,,,,,,,,,,,,,,,,,,,,,,,,,,,,,,,,,,,,,,,,,,,,,,,,,,,,12.1,0.08,1.75,<0.01,4.74,2.54,11.27,1.42,1.28,1.45,0.22,60.3,0.03,0.46,0.02,,0.24,,,,,,,,,,,,,,,,,,,,,,,,,,,,,,,,,,,,,,,,,,,,,,,,,,,,,,,,,,,,,,,,,,,,,,,,,,,,,,,,,,,,,,,,,,,,,,,,,,,,,,,,,,,,,,,,,,,,,,,,,,,,,,,,,,,,,,,,,,,,,,,,,,,,,,,,,,,,,,,,,,,,,,,,,,,,,,,,,,,,,,,,,,,,,,,,,,,,,,,6.21,1.24,3.34,2.09,0.83,0.1,0.22,28.15,0.27,33.8,598.4,24.4,684.33,<5,22.66,21.59,58.52,9.41,31.4,112.07,2783.33,3.8,2.26,1.02,38.16,4.38,13.4,3.87,0.79,4.55,29.84,39.87,0.35,10208,18.67,11.25,24.81,14.27,5134.67,6.81,129.87,0.03,37.38,9.07,<5,4.65,7.53,326.2,0.72,0.65,4.22,14.29,1.28,0.34,25.77,71.73,93.87,21.68,2.38,6838.67,133.4
79,SRM 2711,Preferred,6.53,2.88,2.89,2.45,1.05,0.09,0.04,30.44,0.31,4.6,105,,726,<5,2.4,41.7,69,10,47,6.1,114,5.6,2.99,1.1,15,5.34,2,7.3,1,1.1,40,29.7,0.49,638,<2,16.5,31,20.6,1162,8.49,110,,19.4,9,1.5,5.9,5,245,1.2,0.85,2,14,2.5,0.47,2.6,81.6,3,25,2.7,350,230,,,,,,,,,,,,,,,,,,,,,,,,,,,,,,,,,,,,,,,,,,,,,,,,,,,,,,,12.3,0.08,4.03,0.01,4.13,2.95,8.49,1.74,0.08,1.54,0.2,65.1,0.03,0.51,0.01,,<0.05,2,1.82,0.5,6.25,1.22,12.34,,4.03,0.01,4.13,2.95,1.74,0.08,1.54,0.2,65.12,,0.51,,,,,,,,,,,,,,,,,,,,,,,,,,,,,,,,,,,,,,,,,,,,,,,,,,,,,,,,,,,,,,,,,,,,,,,,,,,,,,,,,,,,,,,,,,,,,,,,,,,,,,,,,,,,,,,,,,,,,,,,,,,,,,,,,,,,,,,,,,,,,,,,,,,,,,,,,,,,,,,,,,,,,,,,,,,,,,,,,,,,,6.53,2.88,2.89,2.45,1.05,0.09,0.04,30.44,0.31,4.6,105,,726,<5,2.4,41.7,69,10,47,6.1,114,5.6,2.99,1.1,15,5.34,2,7.3,1,1.1,40,29.7,0.49,638,<2,16.5,31,20.6,1162,8.49,110,,19.4,9,1.5,5.9,5,245,1.2,0.85,2,14,2.5,0.47,2.6,81.6,3,25,2.7,350,230
80,SRM 2711,Mean,6.3,2.73,2.87,2.48,1.02,0.08,0.04,28.3,0.29,3.8,98.2,45,722,<5,2.4,40.3,71.3,10,45,6.55,113,5.08,2.99,1.12,16.7,5.34,2,8,1.03,1,37.1,29.7,0.49,633,2.3,16.5,30.1,25.5,1104,8.49,114,<0.02,19.3,8.7,<5,5.83,5.2,245,1.2,0.85,2,13.7,2.4,0.47,3.26,78,3.3,29.5,3.07,350,268,,,,,,,,,,,,,,,,,,,,,,,,,,,,,,,,,,,,,,,,,,,,,,,,,,,,,,,12.2,0.08,3.7,<0.01,4.05,2.92,8.13,1.68,0.08,1.51,0.2,64.2,0.02,0.51,0.01,,0.06,1.63,1.78,0.48,6.98,1.2,11.8,,3.92,<0.01,3.88,2.83,1.63,0.08,1.51,0.2,62.07,,0.5,,,,,,,,,,,,,,,,,,,,,,,,,,,,,,,,,,,,,,,,,,,,,,,,,,,,,,,,,,,,,,,,,,,,,,,,,,,,,,,,,,,,,,,,,,,,,,,,,,,,,,,,,,,,,,,,,,,,,,,,,,,,,,,,,,,,,,,,,,,,,,,,,,,,,,,,,,,,,,,,,,,,,,,,,,,,,,,,,,,,,6.3,2.73,2.87,2.48,1.02,0.08,0.04,28.3,0.29,3.8,98.2,45,722,<5,2.4,40.3,71.3,10,45,6.55,113,5.08,2.99,1.12,16.7,5.34,2,8,1.03,1,37.1,29.7,0.49,633,2.3,16.5,30.1,25.5,1104,8.49,114,<0.02,19.3,8.7,<5,5.83,5.2,245,1.2,0.85,2,13.7,2.4,0.47,3.26,78,3.3,29.5,3.07,350,268
81,SRM-1d,Preferred,0.28,37.7,0.22,0.11,0.18,0.02,0.1,1.91,0.02,,,,29.57,0.1,,0.3,4,,12,0.4,,0.6,0.4,0.1,1,0.5,,,0.1,,4,,,,,0.7,3,4,,0.6,6,,,,,0.5,1,256.34,,0.09,,0.5,,,1,10,,,0.3,,,,,,,,,,,,,,,,,,,,,,,,,,,,,,,,,,,,,,,,,,,,,,,,,,,,,,,,,0.53,0.01,52.85,0.01,0.32,0.14,41.57,0.3,0.02,0.01,0.04,4.08,0.03,0.03,,,,,,,,,,,,,,,,,,,,,,,,,,,,,,,,,,,,,,,,,,,,,,,,,,,,,,,,,,,,,,,,,,,,,,,,,,,,,,,,,,,,,,,,,,,,,,,,,,,,,,,,,,,,,,,,,,,,,,,,,,,,,,,,,,,,,,,,,,,,,,,,,,,,,,,,,,,,,,,,,,,,,,,,,,,,,,,,,,,,,,,,,,,,,,,,,,,,,,,,,,0.28,37.7,0.22,0.11,0.18,0.02,0.1,1.91,0.02,,,,29.57,0.1,,0.3,4,,12,0.4,,0.6,0.4,0.1,1,0.5,,,0.1,,4,,,,,0.7,3,4,,0.6,6,,,,,0.5,1,256.34,,0.09,,0.5,,,1,10,,,0.3,,
82,SRM-1d,Mean,0.28,>25,0.23,0.17,0.17,0.02,0.11,2.09,0.02,<1,<5,12.5,32,<5,<0.1,0.31,3.9,0.86,17.8,0.31,<10,0.47,0.29,0.1,<1,0.47,<1,<1,0.1,<0.2,2.94,16,0.06,207.42,<2,<1,2.34,11.3,<5,0.59,5.43,<0.02,0.11,<5,<1,0.45,<1,256.58,<0.5,0.07,<0.05,0.43,<0.5,<0.05,1.31,7.42,<1,4.16,0.23,19.08,9.68,,,,,,,,,,,,,,,,,,,,,,,,,,,,,,,,,,,,,,,,,,,,,,,,,,,,,,,0.52,0.01,53.11,<0.01,0.32,0.14,41.38,0.29,0.03,0.03,0.04,4.12,0.03,0.03,<0.01,,,,,,,,,,,,,,,,,,,,,,,,,,,,,,,,,,,,,,,,,,,,,,,,,,,,,,,,,,,,,,,,,,,,,,,,,,,,,,,,,,,,,,,,,,,,,,,,,,,,,,,,,,,,,,,,,,,,,,,,,,,,,,,,,,,,,,,,,,,,,,,,,,,,,,,,,,,,,,,,,,,,,,,,,,,,,,,,,,,,,,,,,,,,,,,,,,,,,,,,,0.28,>25,0.23,0.17,0.17,0.02,0.11,2.09,0.02,<1,<5,12.5,32,<5,<0.1,0.31,3.9,0.86,17.8,0.31,<10,0.47,0.29,0.1,<1,0.47,<1,<1,0.1,<0.2,2.94,16,0.06,207.42,<2,<1,2.34,11.3,<5,0.59,5.43,<0.02,0.11,<5,<1,0.45,<1,256.58,<0.5,0.07,<0.05,0.43,<0.5,<0.05,1.31,7.42,<1,4.16,0.23,19.08,9.68
83,SRM-2710a,Preferred,5.95,0.96,4.32,2.17,0.73,0.11,,31.1,0.31,40,1500,20,792,,,12.3,60,5.99,23,8.25,3420,3,,0.82,,3,,7,,7,30.6,,0.31,2140,,,22,8,5520,,117,,52.5,9.9,1,4,,255,0.9,0.5,,18.1,1.52,,9.11,82,190,,2,4180,200,,,,,,,,,,,,,,,,,,,,,,,,,,,,,,,,,,,,,,,,,,,,,,,,,,,,,,,11.24,0.09,1.35,0.01,6.18,2.61,,1.22,0.28,1.21,0.24,66.53,,0.52,0.01,,,,,,,,,,,,,,,,,,,,,,,,,,,,,,,,,,,,,,,,,,,,,,,,,,,,,,,,,,,,,,,,,,,,,,,,,,,,,,,,,,,,,,,,,,,,,,,,,,,,,,,,,,,,,,,,,,,,,,,,,,,,,,,,,,,,,,,,,,,,,,,,,,,,,,,,,,,,,,,,,,,,,,,,,,,,,,,,,,,,,,,,,,,,,,,,,,,,,,,,,5.95,0.96,4.32,2.17,0.73,0.11,,31.1,0.31,40,1500,20,792,,,12.3,60,5.99,23,8.25,3420,3,,0.82,,3,,7,,7,30.6,,0.31,2140,,,22,8,5520,,117,,52.5,9.9,1,4,,255,0.9,0.5,,18.1,1.52,,9.11,82,190,,2,4180,200
84,SRM-2710a,Mean,5.7,0.95,4.22,2.11,0.67,0.1,0.82,30.6,0.3,38,1474.14,24.93,765.21,<5,51.91,11.83,57.88,5.45,24.71,8.26,3191.79,3.16,1.91,0.82,30.28,3.57,10.07,7.29,0.66,7.41,30.41,27.14,0.32,2046.5,8.29,11.85,21.66,11.83,5032.21,6.6,112.36,<0.02,50.49,9.79,1,4.05,10.36,254,0.86,0.53,7.23,17.44,1.55,0.3,9.58,78.14,196.71,17.7,2.1,4113.07,259.14,,,,,,,,,,,,,,,,,,,,,,,,,,,,,,,,,,,,,,,,,,,,,,,,,,,,,,,11.17,0.09,1.34,0.01,6.06,2.54,8.23,1.2,0.27,1.26,0.23,66.12,,0.5,0.02,,,,,,,,,,,,,,,,,,,,,,,,,,,,,,,,,,,,,,,,,,,,,,,,,,,,,,,,,,,,,,,,,,,,,,,,,,,,,,,,,,,,,,,,,,,,,,,,,,,,,,,,,,,,,,,,,,,,,,,,,,,,,,,,,,,,,,,,,,,,,,,,,,,,,,,,,,,,,,,,,,,,,,,,,,,,,,,,,,,,,,,,,,,,,,,,,,,,,,,,,5.7,0.95,4.22,2.11,0.67,0.1,0.82,30.6,0.3,38,1474.14,24.93,765.21,<5,51.91,11.83,57.88,5.45,24.71,8.26,3191.79,3.16,1.91,0.82,30.28,3.57,10.07,7.29,0.66,7.41,30.41,27.14,0.32,2046.5,8.29,11.85,21.66,11.83,5032.21,6.6,112.36,<0.02,50.49,9.79,1,4.05,10.36,254,0.86,0.53,7.23,17.44,1.55,0.3,9.58,78.14,196.71,17.7,2.1,4113.07,259.14
85,SRM-88b,Preferred,0.18,21.4,0.19,0.09,12.7,<0.01,,0.53,0.01,,,,,,,,3.8,1.02,,0.16,,,,0.1,,,,<1,,,,,,124,,,,,,,,<0.02,,<5,,,,64,,,,0.31,,,,,,,,,,,,,,,,,,,,,,,,,,,,,,,,,,,,,,,,,,,,,,,,,,,,,,,,,,,,,,,,0.34,,29.95,,0.28,0.1,46.98,21.03,0.02,0.03,<0.01,1.13,0.02,0.02,,,,,46.37,,,,0.34,,29.95,,0.28,0.1,21.03,0.02,0.03,0.01,1.13,,0.02,,,,,,,,,,,,,,,,,,,,,,,,,,,,,,,,,,,,,,,,,,,,,,,,,,,,,,,,,,,,,,,,,,,,,,,,,,,,,,,,,,,,,,,,,,,,,,,,,,,,,,,,,,,,,,,,,,,,,,,,,,,,,,,,,,,,,,,,,,,,,,,,,,,,,,,,,,,,,,,,,,,,,,,,,,,,,,,,,,,,,0.18,21.4,0.19,0.09,12.7,<0.01,,0.53,0.01,,,,,,,,3.8,1.02,,0.16,,,,0.1,,,,<1,,,,,,124,,,,,,,,<0.02,,<5,,,,64,,,,0.31,,,,,,,,,
86,SRM-88b,Mean,0.18,20.93,0.2,0.12,12.6,<0.01,0.12,0.6,<0.01,<1,<5,21.8,10,<5,<0.1,<0.2,3.63,1.32,<10,0.35,<10,0.59,0.44,0.13,<1,0.61,<1,<1,0.15,<0.2,4.92,15,<0.05,122.83,<2,<1,3.17,8.67,<5,0.81,3.22,<0.02,0.1,<5,<1,0.5,<1,65.33,<0.5,0.09,<0.05,0.27,<0.5,0.06,0.13,<5,<1,7.8,0.31,9,6.67,,,,,,,,,,,,,,,,,,,,,,,,,,,,,,,,,,,,,,,,,,,,,,,,,,,,5.5,,,0.32,<0.01,30.01,<0.01,0.28,0.1,46.71,21.02,0.02,0.03,<0.01,1.13,0.01,0.01,<0.01,0.06,0.03,12.69,45.78,12.49,0.01,0.37,0.32,,29.5,<0.01,0.28,0.12,21.04,0.02,0.04,0.01,1.19,,0.01,,,,,,,,,,,,,,,,,,,,,,,,,,,,,,,,,,,,,,,,,,,,,,,,,,,,,,,,,,,,,,,,,,,,,,,,,,,,,,,,,,,,,,,,,,,,,,,,,,,,,,,,,,,,,,,,,,,,,,,,,,,,,,,,,,,,,,,,,,,,,,,,,,,,,,,,,,,,,,,,,,,,,,,,,,,,,,,,,,,,,0.18,20.93,0.2,0.12,12.6,<0.01,0.12,0.6,<0.01,<1,<5,21.8,10,<5,<0.1,<0.2,3.63,1.32,<10,0.35,<10,0.59,0.44,0.13,<1,0.61,<1,<1,0.15,<0.2,4.92,15,<0.05,122.83,<2,<1,3.17,8.67,<5,0.81,3.22,<0.02,0.1,<5,<1,0.5,<1,65.33,<0.5,0.09,<0.05,0.27,<0.5,0.06,0.13,<5,<1,7.8,0.31,9,6.67
87,STM-1,Preferred,9.74,0.78,3.65,3.55,0.06,0.07,0.01,27.86,0.08,0.08,4.6,6.4,560,9.6,0.13,0.27,260,0.9,4.3,1.5,4.6,8.1,4.2,3.6,35,9.5,,28,,,150,32,,1700,5.2,270,79,3,18,,118,,1.7,0.61,,13,6.8,700,19,1.6,,31,,0.7,9.1,8.7,,46,4.4,235,1210,,,,,,,,,,,,,,,,,,,,,,,,,,,,,,,,,,,,,,,,,,,,,,,,,,,,,,,18.4,,1.09,,5.22,4.28,,0.1,,8.94,0.16,59.6,,0.14,,,,,,,,,,,,,,,,,,,,,,,,,,,,,,,,,,,,,,,,,,,,,,,,,,,,,,,,,,,,,,,,,,,,,,,,,,,,,,,,,,,,,,,,,,,,,,,,,,,,,,,,,,,,,,,,,,,,,,,,,,,,,,,,,,,,,,,,,,,,,,,,,,,,,,,,,,,,,,,,,,,,,,,,,,,,,,,,,,,,,,,,,,,,,,,,,,,,,,,,,,9.74,0.78,3.65,3.55,0.06,0.07,0.01,27.86,0.08,0.08,4.6,6.4,560,9.6,0.13,0.27,260,0.9,4.3,1.5,4.6,8.1,4.2,3.6,35,9.5,,28,,,150,32,,1700,5.2,270,79,3,18,,118,,1.7,0.61,,13,6.8,700,19,1.6,,31,,0.7,9.1,8.7,,46,4.4,235,1210
88,STM-1,Mean,9.62,0.84,3.89,3.74,0.07,0.08,<0.1,27.93,0.08,5.9,7,19.93,630.17,9.98,0.15,0.35,297.17,1.13,15,1.57,6.25,8.35,4.53,3.5,37.95,10.51,2.17,29.17,1.56,<0.2,159.33,38.67,0.63,1786.67,5.83,270.83,85.02,12.5,17.67,25.95,108.57,<0.02,1.37,<5,<1,12.6,8.33,736.17,18.33,1.58,<0.5,32.55,<0.5,0.68,9.27,5.5,3.78,42.62,4.67,257.5,1325,,,,,,,,,,,,,,,,,,,,,,,,,,,,,,,,,,,,,,,,,,,,,,,,,,,,,,,18.29,0.08,1.14,<0.01,5.26,4.27,1.64,0.1,0.23,9.01,0.16,59.53,0.08,0.13,<0.01,,,,,,,,,,,,,,,,,,,,,,,,,,,,,,,,,,,,,,,,,,,,,,,,,,,,,,,,,,,,,,,,,,,,,,,,,,,,,,,,,,,,,,,,,,,,,,,,,,,,,,,,,,,,,,,,,,,,,,,,,,,,,,,,,,,,,,,,,,,,,,,,,,,,,,,,,,,,,,,,,,,,,,,,,,,,,,,,,,,,,,,,,,,,,,,,,,,,,,,,,9.62,0.84,3.89,3.74,0.07,0.08,<0.1,27.93,0.08,5.9,7,19.93,630.17,9.98,0.15,0.35,297.17,1.13,15,1.57,6.25,8.35,4.53,3.5,37.95,10.51,2.17,29.17,1.56,<0.2,159.33,38.67,0.63,1786.67,5.83,270.83,85.02,12.5,17.67,25.95,108.57,<0.02,1.37,<5,<1,12.6,8.33,736.17,18.33,1.58,<0.5,32.55,<0.5,0.68,9.27,5.5,3.78,42.62,4.67,257.5,1325
89,STM-2,Preferred,9.72,0.78,3.77,3.38,0.07,0.07,<0.05,28.5,0.1,1.2,,<10,639,9.7,0.1,0.3,256,0.8,,1.52,,8.01,4.4,3.45,34,8,1,27,1.55,<0.2,154,36,0.6,1640,6.2,267,81,<5,12,25,114,,,<5,<5,12,6.6,782,16,1.38,<0.5,27,<0.5,0.55,7.6,5.5,2.2,43,4.2,223,1280,,,,,,,,,,,,,,,,,,,,,,,,,,,,,,,,,,,,,,,,,,,,,,,,,,,,33,,,18.4,0.07,1.09,<0.01,5.39,4.07,,0.12,0.21,8.9,0.17,61,0.09,0.16,<0.01,,<0.05,,,,,,18.4,,1.09,<0.01,5.39,4.07,0.12,0.21,8.9,0.17,60.98,,0.16,,,,,,,,,,,,,,,,,,,,,,,,,,,,,,,,,,,,,,,,,,,,,,,,,,,,,,,,,,,,,,,,,,,,,,,,,,,,,,,,,,,,,,,,,,,,,,,,,,,,,,,,,,,,,,,,,,,,,,,,,,,,,,,,,,,,,,,,,,,,,,,,,,,,,,,,,,,,,,,,,,,,,,,,,,,,,,,,,,,,,9.72,0.78,3.77,3.38,0.07,0.07,<0.05,28.5,0.1,1.2,,<10,639,9.7,0.1,0.3,256,0.8,,1.52,,8.01,4.4,3.45,34,8,1,27,1.55,<0.2,154,36,0.6,1640,6.2,267,81,<5,12,25,114,,,<5,<5,12,6.6,782,16,1.38,<0.5,27,<0.5,0.55,7.6,5.5,2.2,43,4.2,223,1280
90,STM-2,Mean,9.53,0.82,3.76,3.4,0.07,0.07,<0.01,27.72,0.09,<1,<30,<10,626,8.6,<0.1,0.3,251,0.81,<10,1.56,<5,7.99,4.26,3.65,34.9,8.86,1,28.75,1.49,<0.2,148.63,34.25,0.64,1683.8,8.13,253.5,82.83,<5,13.5,26.5,115.38,<0.02,0.7,<5,<5,11.98,7.38,775.13,16.88,1.43,<1,29.04,<0.5,0.67,8.6,<5,2.75,41.55,4.09,233.63,1225.13,,,,,,,,,,,,,,,,,,,,,,,,,,,,,,,,,,,,,,,,,,,,,,,,,,,,,,,18.46,0.08,1.12,<0.1,5.39,4.21,1.84,0.16,0.22,8.72,0.17,59.64,0.09,0.15,<0.01,0.06,0.006,,,,,,17.8,,1.09,<0.01,5.3,4.07,0.11,0.21,8.43,0.18,58.85,,0.15,,,,,,,,,,,,,,,,,,,,,,,,,,,,,,,,,,,,,,,,,,,,,,,,,,,,,,,,,,,,,,,,,,,,,,,,,,,,,,,,,,,,,,,,,,,,,,,,,,,,,,,,,,,,,,,,,,,,,,,,,,,,,,,,,,,,,,,,,,,,,,,,,,,,,,,,,,,,,,,,,,,,,,,,,,,,,,,,,,,,,9.53,0.82,3.76,3.4,0.07,0.07,<0.01,27.72,0.09,<1,<30,<10,626,8.6,<0.1,0.3,251,0.81,<10,1.56,<5,7.99,4.26,3.65,34.9,8.86,1,28.75,1.49,<0.2,148.63,34.25,0.64,1683.8,8.13,253.5,82.83,<5,13.5,26.5,115.38,<0.02,0.7,<5,<5,11.98,7.38,775.13,16.88,1.43,<1,29.04,<0.5,0.67,8.6,<5,2.75,41.55,4.09,233.63,1225.13
91,T-211,Preferred,,,,,,,,,,,,,,,,,,,,,,,,,,,,,,,,,,,,,,,,,,,,,,,,,,,,,,,,,,,,,,,,,,,,,,,,,,,,,,,,,,,,,,,,,,,,,,,,,,,,,,,,,,,,,,,,,,,,,,,,,,,,,,,,,,,,,,,,,,,,,,,,,,,,,,,,,,,,,,,,,,,,,,,,,,,,,,,,,,,,,,,,,,,,,,,,,,,,,,,,,,,5.04,14.5,4.95,,4.52,55,0.399,,24600,1.41,,2.07,2.62,,1.24,,,,54.4,,,,,,,,979,,1.32,,5210,45.5,1.1,9780,,,2.23,,1.66,,,,,2.45,,0.292,3038,,,134,,,,,,2.35,,0.6,1.87,,,,404,,,,,,,,,,,,,,,,,,,,,,,,,,,,,,,,,,,,,,,,,,,,,,,,,,,,,,,,,,,,,,,,,,,,,,,,,,,,,,,,,,,,,,,,,,,,,,,,,,,,,,,,,,,,,,,,,,,,,,,,,,,,,,
92,T-211,Mean,,,,,,,,,,,,,,,,,,,,,,,,,,,,,,,,,,,,,,,,,,,,,,,,,,,,,,,,,,,,,,,,,,,,,,,,,,,,,,,,,,,,,,,,,,,,,,,,,,,,,,,,,,,,,,,,,,,,,,,,,,,,,,,,,,,,,,,,,,,,,,,,,,,,,,,,,,,,,,,,,,,,,,,,,,,,,,,,,,,,,,,,,,,,,,,,,,,,0.61,<0.1,0.6,8.7,4.7,<0.01,0.3,5.19,17.4,5.3,<0.01,7.54,56.2,0.4,0.04,25923.08,1.51,0.12,2.08,2.73,<0.1,1.65,<0.1,<0.1,<0.1,61.68,<0.1,0.02,<0.1,<0.1,<0.1,<0.1,<0.1,952.58,<0.1,1.45,<0.1,5204.54,47.43,1.16,9718.96,<0.1,<0.1,2.36,10.19,1.72,<0.1,0.83,0.65,11578.49,2.62,<0.05,0.25,2999.27,<0.1,4.41,139.96,<0.03,<0.1,0.1,<0.05,0.65,2.38,<0.1,0.6,1.94,0.01,0.06,<0.1,421.56,<2,,,,,,,,,,,,,,,,,,,,,,,,,,,,,,,,,,,,,,,,,,,,,,,,,,,,,,,,,,,,,,,,,,,,,,,,,,,,,,,,,,,,,,,,,,,,,,,,,,,,,,,,,,,,,,,,,,,,,,,,,,,,,
93,T-223,Preferred,,,,,,,,,,,,,,,,,,,,,,,,,,,,,,,,,,,,,,,,,,,,,,,,,,,,,,,,,,,,,,,,,,,,,,,,,,,,,,,,,,,,,,,,,,,,,,,,,,,,,,,,,,,,,,,,,,,,,,,,,,,,,,,,,,,,,,,,,,,,,,,,,,,,,,,,,,,,,,,,,,,,,,,,,,,,,,,,,,,,,,,,,,,,,,,,,,,,,,,,,,,7.04,523,7.57,,13,8.29,0.54,,3.58,3.81,1.82,3.21,0.52,,3.7,0.17,0.08,,369,,0.254,,,,,,1,1.13,1.13,,4.07,27,0.474,7.55,1.38,,0.51,,0.573,0.339,,,,4.97,,11.2,3707.98,0.29,,17.6,,,,,,5.49,,0.958,5.77,,,,12.7,,,,,,,,,,,,,,,,,,,,,,,,,,,,,,,,,,,,,,,,,,,,,,,,,,,,,,,,,,,,,,,,,,,,,,,,,,,,,,,,,,,,,,,,,,,,,,,,,,,,,,,,,,,,,,,,,,,,,,,,,,,,,,
94,T-223,Mean,,,,,,,,,,,,,,,,,,,,,,,,,,,,,,,,,,,,,,,,,,,,,,,,,,,,,,,,,,,,,,,,,,,,,,,,,,,,,,,,,,,,,,,,,,,,,,,,,,,,,,,,,,,,,,,,,,,,,,,,,,,,,,,,,,,,,,,,,,,,,,,,,,,,,,,,,,,,,,,,,,,,,,,,,,,,,,,,,,,,,,,,,,,,,,,,,,,,,,,,,,,7.34,552.53,8.09,<0.01,14.45,8.83,0.55,<0.01,3845.33,4.01,1.97,3.3,0.75,<0.1,4.13,0.18,<0.1,<0.1,383.53,0.18,0.25,0.2,<0.1,<0.04,<0.1,<0.1,1066.27,1.09,1.29,<0.1,4216,57.52,0.52,7794.67,<0.1,1.37,0.88,29.85,0.63,0.41,1.08,<0.1,7550,5.39,<0.1,11.83,3300,0.28,6.85,18.23,<0.1,<0.1,<0.1,<0.1,7.09,5.66,<0.1,0.95,5.96,<0.02,0.88,<0.1,15.54,<2,,,,,,,,,,,,,,,,,,,,,,,,,,,,,,,,,,,,,,,,,,,,,,,,,,,,,,,,,,,,,,,,,,,,,,,,,,,,,,,,,,,,,,,,,,,,,,,,,,,,,,,,,,,,,,,,,,,,,,,,,,,,,
95,T-229,Preferred,,,,,,,,,,,,,,,,,,,,,,,,,,,,,,,,,,,,,,,,,,,,,,,,,,,,,,,,,,,,,,,,,,,,,,,,,,,,,,,,,,,,,,,,,,,,,,,,,,,,,,,,,,,,,,,,,,,,,,,,,,,,,,,,,,,,,,,,,,,,,,,,,,,,,,,,,,,,,,,,,,,,,,,,,,,,,,,,,,,,,,,,,,,,,,,,,,,,,,,,,,,3.5,680,12.8,,117,76.7,1.2,,44000,1.89,1.34,2.88,7.51,,21.6,,,,847,,,,,,,,4520,0.948,24.8,,22000,670,10.9,25300,,,8.83,,13.8,,,,,3.17,,5.09,6678.1,,,755,,,,,,2.9,,8.31,25.4,,,,230,,3.5,680,12.8,,117,76.7,1.2,,44000,1.89,1.34,2.88,7.51,,21.6,,,,847,,,,,,,,4520,0.948,24.8,,22000,670,10.9,25300,,,8.83,,13.8,,,,,3.17,,5.09,6678.1,,,755,,,,,,2.9,,8.31,25.4,,,,230,,,,,,,,,,,,,,,,,,,,,,,,,,,,,,,,,,,,,,,,,,,,,,,,,,,,,,,,,,,,,,
96,T-229,Mean,,,,,,,,,,,,,,,,,,,,,,,,,,,,,,,,,,,,,,,,,,,,,,,,,,,,,,,,,,,,,,,,,,,,,,,,,,,,,,,,,,,,,,,,,,,,,,,,,,,,,,,,,,,,,,,,,,,,,,,,,,,,,,,,,,,,,,,,,,,,,,,,,,,,,,,,,,,,,,,,,,,,,,,,,,,,,,,,,,,,,,,,,,,,,,,,,,,,<0.1,<1,<1,<1,<1,<0.1,<0.1,3.72,646.84,13.16,<0.01,114.37,78.82,1.28,<0.01,43857.89,2,1.46,3.13,7.77,0.56,22.77,0.13,<0.1,<0.1,880,0.2,0.18,<0.1,<0.1,<0.01,<0.1,<0.1,4617.89,1.04,25.98,<0.1,22110.53,717.63,11.1,25284.21,<0.1,1,9.07,23,13.77,0.3,5.7,<0.1,34700,3.29,0.1,5.14,7244.74,0.2,7.46,766,<0.1,<0.1,<0.1,0.1,3.22,2.96,<0.1,8.69,27.08,0.02,0.97,<0.1,240.89,<2,3.64,663.87,13.27,<0.1,112.84,80.32,1.2,<0.1,46047.37,2,1.43,3.12,8.15,0.55,22.44,0.12,<0.1,<0.1,879.74,<1,0.18,<1,<0.1,0.01,<0.1,<0.1,4740,0.99,25.61,<0.1,22686.84,717.45,11.55,25700,<0.1,1.08,10.23,15.75,14.03,0.25,6.44,<0.05,35307.89,3.21,2.73,5.39,7174.47,0.18,7.57,786.11,<0.1,<0.1,<1,0.5,2.9,2.97,<0.1,8.44,27.91,<0.2,0.93,<0.1,241.5,<20,,,,,,,,,,,,,,,,,,,,,,,,,,,,,,,,,,,,,,,,,,,,,,,,,,,,,,,,,,,,,
